primaryTitle,startYear,revenue
Avatar,2009,2787965087
Pirates of the Caribbean: At World's End,2007,961000000
Spectre,2015,880674609
The Dark Knight Rises,2012,1084939099
John Carter,2012,284139100
Spider-Man 3,2007,890871626
Tangled,2010,591794936
Avengers: Age of Ultron,2015,1405403694
Harry Potter and the Half-Blood Prince,2009,933959197
Batman v Superman: Dawn of Justice,2016,873260194
Superman Returns,2006,391081192
Quantum of Solace,2008,586090727
Pirates of the Caribbean: Dead Man's Chest,2006,1065659812
The Lone Ranger,2013,89289910
Man of Steel,2013,662845518
The Chronicles of Narnia: Prince Caspian,2008,419651413
The Avengers,2012,1519557910
Pirates of the Caribbean: On Stranger Tides,2011,1045713802
Men in Black 3,2012,624026776
The Hobbit: The Battle of the Five Armies,2014,956019788
The Amazing Spider-Man,2012,752215857
Robin Hood,2010,310669540
The Hobbit: The Desolation of Smaug,2013,958400000
The Golden Compass,2007,372234864
King Kong,2005,550000000
Titanic,1997,1845034188
Captain America: Civil War,2016,1153304495
Battleship,2012,303025485
Jurassic World,2015,1513528810
Skyfall,2012,1108561013
Spider-Man 2,2004,783766341
Iron Man 3,2013,1215439994
Alice in Wonderland,2010,1025491110
X-Men: The Last Stand,2006,459359555
Monsters University,2013,743559607
Transformers: Revenge of the Fallen,2009,836297228
Transformers: Age of Extinction,2014,1091405097
Oz: The Great and Powerful,2013,491868548
The Amazing Spider-Man 2,2014,705717432
TRON: Legacy,2010,400062763
Cars 2,2011,559852396
Green Lantern,2011,219851172
Toy Story 3,2010,1066969703
Terminator Salvation,2009,371353001
Furious 7,2015,1506249360
World War Z,2013,531865000
X-Men: Days of Future Past,2014,747862775
Star Trek Into Darkness,2013,467365246
Jack the Giant Slayer,2013,197687603
The Great Gatsby,2013,351040419
Prince of Persia: The Sands of Time,2010,335154643
Pacific Rim,2013,407602906
Transformers: Dark of the Moon,2011,1123746996
Indiana Jones and the Kingdom of the Crystal Skull,2008,786636033
The Good Dinosaur,2015,331926147
Brave,2012,538983207
Star Trek Beyond,2016,343471816
WALL·E,2008,521311860
Rush Hour 3,2007,258022233
2012,2009,769653595
A Christmas Carol,2009,325233863
Jupiter Ascending,2015,183987723
The Legend of Tarzan,2016,356743061
"The Chronicles of Narnia: The Lion, the Witch and the Wardrobe",2005,748806957
X-Men: Apocalypse,2016,543934787
The Dark Knight,2008,1004558444
Up,2009,735099082
Monsters vs Aliens,2009,381509870
Iron Man,2008,585174222
Hugo,2011,185770160
Wild Wild West,1999,222104681
The Mummy: Tomb of the Dragon Emperor,2008,401128639
Suicide Squad,2016,745000000
Evan Almighty,2007,173000000
Edge of Tomorrow,2014,370541256
Waterworld,1995,264218220
G.I. Joe: The Rise of Cobra,2009,302469017
Inside Out,2015,857611174
The Jungle Book,2016,966550600
Iron Man 2,2010,623933331
Snow White and the Huntsman,2012,396600000
Maleficent,2014,758539785
Dawn of the Planet of the Apes,2014,710644566
47 Ronin,2013,150962475
Captain America: The Winter Soldier,2014,714766572
Shrek Forever After,2010,752600867
Tomorrowland,2015,209154322
Big Hero 6,2014,652105443
Wreck-It Ralph,2012,471222889
The Polar Express,2004,305875730
Independence Day: Resurgence,2016,389681935
How to Train Your Dragon,2010,494878759
Terminator 3: Rise of the Machines,2003,435000000
Guardians of the Galaxy,2014,773328629
Interstellar,2014,675120017
Inception,2010,825532764
Shin Godzilla,2016,77000000
The Hobbit: An Unexpected Journey,2012,1021103568
The Fast and the Furious,2001,207283925
The Curious Case of Benjamin Button,2008,333932083
X-Men: First Class,2011,353624124
The Hunger Games: Mockingjay - Part 2,2015,653428261
The Sorcerer's Apprentice,2010,215283742
Poseidon,2006,181674817
Alice Through the Looking Glass,2016,299370084
Shrek the Third,2007,798958165
Warcraft,2016,433677183
Terminator Genisys,2015,440603537
The Chronicles of Narnia: The Voyage of the Dawn Treader,2010,415686217
Pearl Harbor,2001,449220945
Transformers,2007,709709780
Alexander,2004,167298192
Harry Potter and the Order of the Phoenix,2007,938212738
Harry Potter and the Goblet of Fire,2005,895921036
Hancock,2008,624029371
I Am Legend,2007,585349010
Charlie and the Chocolate Factory,2005,474968763
Ratatouille,2007,623722818
Batman Begins,2005,374218673
Madagascar: Escape 2 Africa,2008,603900354
Night at the Museum: Battle of the Smithsonian,2009,413106170
X-Men Origins: Wolverine,2009,373062864
The Matrix Revolutions,2003,424988211
Frozen,2013,1274219009
The Matrix Reloaded,2003,738599701
Thor: The Dark World,2013,644571402
Mad Max: Fury Road,2015,378858340
Angels & Demons,2009,356613439
Thor,2011,449326618
Bolt,2008,309979994
G-Force,2009,292817841
Wrath of the Titans,2012,301000000
Dark Shadows,2012,245527149
Mission: Impossible - Rogue Nation,2015,682330139
Bee Movie,2007,287594577
Kung Fu Panda 2,2011,665692281
The Last Airbender,2010,318502923
Mission: Impossible III,2006,397850012
White House Down,2013,205366737
Mars Needs Moms,2011,38992758
Flushed Away,2006,64459316
Pan,2015,128388320
Mr. Peabody & Sherman,2014,272912430
Troy,2004,497409852
Madagascar 3: Europe's Most Wanted,2012,746921274
Die Another Day,2002,431971116
Ghostbusters,2016,229147509
Armageddon,1998,553799566
Men in Black II,2002,441818803
Beowulf,2007,195735876
Kung Fu Panda 3,2016,521170825
Mission: Impossible - Ghost Protocol,2011,694713380
Rise of the Guardians,2012,306941670
Fun with Dick and Jane,2005,202026112
The Last Samurai,2003,456758981
Exodus: Gods and Kings,2014,268031828
Star Trek,2009,385680446
Spider-Man,2002,821708551
How to Train Your Dragon 2,2014,609123048
Gods of Egypt,2016,150680864
Stealth,2005,76932943
Watchmen,2009,185258983
Lethal Weapon 4,1998,285444603
Hulk,2003,245360480
G.I. Joe: Retaliation,2013,371876278
Sahara,2005,119269486
Final Fantasy: The Spirits Within,2001,85131830
Captain America: The First Avenger,2011,370569774
The World Is Not Enough,1999,361832400
Master and Commander: The Far Side of the World,2003,212011111
The Twilight Saga: Breaking Dawn - Part 2,2012,829000000
Happy Feet Two,2011,150406466
The Incredible Hulk,2008,163712074
The BFG,2016,183345589
The Revenant,2015,532950503
Turbo,2013,282570682
Rango,2011,245724603
Penguins of Madagascar,2014,373552094
The Bourne Ultimatum,2007,442824138
Kung Fu Panda,2008,631744560
Ant-Man,2015,519311965
The Hunger Games: Catching Fire,2013,847423452
Home,2015,368871007
War of the Worlds,2005,591739379
Bad Boys II,2003,273339556
Puss in Boots,2011,554987477
Salt,2010,293329073
Noah,2014,362637473
The Adventures of Tintin,2011,371940071
Harry Potter and the Prisoner of Azkaban,2004,789804554
Australia,2008,49554002
After Earth,2013,243843127
Dinosaur,2000,354248063
Night at the Museum: Secret of the Tomb,2014,349424282
Megamind,2010,321887208
Harry Potter and the Philosopher's Stone,2001,976475550
R.I.P.D.,2013,61648500
Pirates of the Caribbean: The Curse of the Black Pearl,2003,655011224
The Hunger Games: Mockingjay - Part 1,2014,752100229
The Da Vinci Code,2006,767820459
Rio 2,2014,500188435
X2,2003,407711549
Fast Five,2011,626137675
Sherlock Holmes: A Game of Shadows,2011,334615000
Clash of the Titans,2010,232713139
Total Recall,1990,261317921
The 13th Warrior,1999,61698899
The Bourne Legacy,2012,276572938
Batman & Robin,1997,238207122
How the Grinch Stole Christmas,2000,345141403
The Day After Tomorrow,2004,544272402
Mission: Impossible II,2000,546388105
The Perfect Storm,2000,325756637
Fantastic 4: Rise of the Silver Surfer,2007,289047763
Life of Pi,2012,609016565
Ghost Rider,2007,228738393
Jason Bourne,2016,415484914
Charlie's Angels: Full Throttle,2003,259175788
Prometheus,2012,403170142
Stuart Little 2,2002,169956806
Elysium,2013,286140700
The Chronicles of Riddick,2004,115772733
RoboCop,2014,242688965
Speed Racer,2008,93945766
How Do You Know,2010,48668907
Knight and Day,2010,261930431
Oblivion,2013,286168572
Star Wars: Episode III - Revenge of the Sith,2005,850000000
Star Wars: Episode II - Attack of the Clones,2002,649398328
"Monsters, Inc.",2001,562816256
The Wolverine,2013,415440673
Star Wars: Episode I - The Phantom Menace,1999,924317558
The Croods,2013,585178928
Asterix at the Olympic Games,2008,132900000
Windtalkers,2002,77628265
The Huntsman: Winter's War,2016,164602163
Teenage Mutant Ninja Turtles,2014,477200000
Gravity,2013,716392705
Dante's Peak,1997,178127760
Teenage Mutant Ninja Turtles: Out of the Shadows,2016,245623848
Fantastic Four,2015,167977596
Night at the Museum,2006,574480841
San Andreas,2015,470490832
Tomorrow Never Dies,1997,333011068
The Patriot,2000,215294342
Ocean's Twelve,2004,362744280
Mr. & Mrs. Smith,2005,478207520
Insurgent,2015,295238201
The Aviator,2004,102000000
Gulliver's Travels,2010,237382724
The Green Hornet,2011,227817248
300: Rise of an Empire,2014,337580051
The Smurfs,2011,563749323
Home on the Range,2004,103951461
Allegiant,2016,179246868
Real Steel,2011,299268508
The Smurfs 2,2013,347434178
Speed 2: Cruise Control,1997,164508066
Ender's Game,2013,125537191
Live Free or Die Hard,2007,383531464
The Lord of the Rings: The Fellowship of the Ring,2001,871368364
Around the World in 80 Days,2004,72178895
Ali,2001,87713825
"I, Robot",2004,347234916
Kingdom of Heaven,2005,211643158
Stuart Little,1999,300135367
The Princess and the Frog,2009,267045765
The Martian,2015,630161890
The Island,2005,162949164
Town & Country,2001,10372291
Gone in Sixty Seconds,2000,237202299
Gladiator,2000,457640427
Minority Report,2002,358372926
Harry Potter and the Chamber of Secrets,2002,876688482
Casino Royale,2006,599045960
Planet of the Apes,2001,362211740
Terminator 2: Judgment Day,1991,520000000
Public Enemies,2009,214104620
American Gangster,2007,266465037
True Lies,1994,378882411
The Taking of Pelham 1 2 3,2009,150166126
Little Fockers,2010,310650585
The Other Guys,2010,170432927
Eraser,1996,242295562
Django Unchained,2012,425368238
The Hunchback of Notre Dame,1996,100138851
The Emperor's New Groove,2000,169327687
The Expendables 2,2012,312573423
National Treasure,2004,347451894
Eragon,2006,249288105
Where the Wild Things Are,2009,100086793
Epic,2013,268426634
The Tourist,2010,278731369
End of Days,1999,211989043
Blood Diamond,2006,170877916
The Wolf of Wall Street,2013,392000694
Batman Forever,1995,336529144
Starship Troopers,1997,121214377
Cloud Atlas,2012,130482868
Legend of the Guardians: The Owls of Ga'Hoole,2010,140073390
Catwoman,2004,82102379
Hercules,2014,243400000
Treasure Planet,2002,109578115
Land of the Lost,2009,68688831
The Expendables 3,2014,206172544
Point Break,2015,133718711
In the Heart of the Sea,2015,93820758
The Adventures of Pluto Nash,2002,7103973
Green Zone,2010,94882889
The Peanuts Movie,2015,246233113
The Spanish Prisoner,1997,13835130
The Mummy Returns,2001,433013274
Gangs of New York,2002,193772504
The Flowers of War,2011,95311434
Surf's Up,2007,149044513
The Stepford Wives,2004,102000000
Black Hawk Down,2001,172989651
The Campaign,2012,104907746
The Fifth Element,1997,263920180
Sex and the City 2,2010,288347692
The Road to El Dorado,2000,76432727
Ice Age: Continental Drift,2012,877244782
Cinderella,2015,543514353
The Lovely Bones,2009,93525586
Finding Nemo,2003,940335536
The Lord of the Rings: The Return of the King,2003,1118888979
The Lord of the Rings: The Two Towers,2002,926287400
Seventh Son,2014,114178613
Lara Croft: Tomb Raider,2001,274703340
Transcendence,2014,103039258
Jurassic Park III,2001,368780809
Rise of the Planet of the Apes,2011,482860185
The Spiderwick Chronicles,2008,162839667
A Good Day to Die Hard,2013,304654182
The Alamo,2004,25819961
The Incredibles,2004,631442092
Cutthroat Island,1995,10017322
Percy Jackson & the Olympians: The Lightning Thief,2010,226497209
Men in Black,1997,589390539
Toy Story 2,1999,497366869
Unstoppable,2010,167805466
Rush Hour 2,2001,347325802
What Lies Beneath,2000,155464351
Cloudy with a Chance of Meatballs,2009,242988466
Ice Age: Dawn of the Dinosaurs,2009,886686817
The Secret Life of Walter Mitty,2013,188133322
Charlie's Angels,2000,264105545
The Departed,2006,289847354
Mulan,1998,304320254
Tropic Thunder,2008,188072649
The Girl with the Dragon Tattoo,2011,232617430
Die Hard: With a Vengeance,1995,366101666
Sherlock Holmes,2009,524028679
Ben-Hur,2016,94061311
Atlantis: The Lost Empire,2001,186053725
Alvin and the Chipmunks: The Road Chip,2015,233755553
Valkyrie,2008,200276000
You Don't Mess with the Zohan,2008,201596308
Pixels,2015,243637091
A.I. Artificial Intelligence,2001,235926552
The Haunted Mansion,2003,182290266
Contact,1997,171120329
Hollow Man,2000,190213455
The Interpreter,2005,162944923
Percy Jackson: Sea of Monsters,2013,174578751
Lara Croft Tomb Raider: The Cradle of Life,2003,156505388
Now You See Me 2,2016,334901337
The Saint,1997,118063304
Spy Game,2001,143049560
Mission to Mars,2000,60874615
Rio,2011,484635760
Bicentennial Man,1999,93700000
The Devil's Own,1997,140807547
K-19: The Widowmaker,2002,35168966
Conan the Barbarian,1982,79114085
Cinderella Man,2005,108539911
The Nutcracker: The Untold Story,2010,16178959
Seabiscuit,2003,148336445
Twister,1996,494471524
Cast Away,2000,429632142
Happy Feet,2006,384335608
The Bourne Supremacy,2004,288500217
Air Force One,1997,315156409
Ocean's Eleven,2001,450717150
The Three Musketeers,2011,132274484
Hotel Transylvania,2012,358375603
Enchanted,2007,340487652
Safe House,2012,208076205
102 Dalmatians,2000,183611771
Tower Heist,2011,152930623
The Holiday,2006,194168700
Enemy of the State,1998,250649836
It's Complicated,2009,219103655
Ocean's Thirteen,2007,311312624
Open Season,2006,197309027
Divergent,2014,288747895
Enemy at the Gates,2001,96976270
The Rundown,2003,80916492
Last Action Hero,1993,137298489
Memoirs of a Geisha,2005,162242962
The Fast and the Furious: Tokyo Drift,2006,158468292
Meet Joe Black,1998,142940100
Collateral Damage,2002,78382433
All That Jazz,1979,37823676
Mirror Mirror,2012,183018522
Scott Pilgrim vs. the World,2010,47664559
The Core,2003,74208267
Nutty Professor II: The Klumps,2000,123307945
Scooby-Doo,2002,275650703
Dredd,2012,41037742
Click,2006,237681299
Creepshow,1982,21028755
Cats & Dogs 2 : The Revenge of Kitty Galore,2010,112483764
Jumper,2008,222231186
Hellboy II: The Golden Army,2008,160388063
Zodiac,2007,84785914
The 6th Day,2000,96085477
Bruce Almighty,2003,484572835
The Expendables,2010,274470394
Mission: Impossible,1996,457696359
The Hunger Games,2012,691210692
The Hangover Part II,2011,254455986
Batman Returns,1992,280000000
Over the Hedge,2006,343397247
Lilo & Stitch,2002,145771527
Charlotte's Web,2006,144000000
Deep Impact,1998,140464664
The Longest Yard,2005,190320568
Alvin and the Chipmunks: Chipwrecked,2011,342695435
Grown Ups 2,2013,246984278
Get Smart,2008,230685453
Something's Gotta Give,2003,266728738
Shutter Island,2010,294804195
Four Christmases,2008,163733697
Robots,2005,260696994
Face/Off,1997,245676146
Bedtime Stories,2008,212874442
Road to Perdition,2002,181001478
Just Go with It,2011,214918407
Con Air,1997,224012234
Eagle Eye,2008,178066569
Cold Mountain,2003,173013509
The Book of Eli,2010,157107755
Flubber,1997,177977226
The Haunting,1999,91188905
Space Jam,1996,250200000
The Day the Earth Stood Still,2008,233093859
Conspiracy Theory,1997,136982834
Fury,2014,211817906
Six Days Seven Nights,1998,164000000
Yogi Bear,2010,201584141
Spirit: Stallion of the Cimarron,2002,122563539
Zookeeper,2011,169852759
Lost in Space,1998,136159423
The Manchurian Candidate,2004,96105964
Hotel Transylvania 2,2015,473226958
Fantasia 2000,1999,90874570
The Time Machine,2002,123729176
Swordfish,2001,147080413
The Legend of Zorro,2005,142400065
What Dreams May Come,1998,71485043
The Brothers Grimm,2005,105316267
Mars Attacks!,1996,101371017
The Edge,1997,43312294
Surrogates,2009,122444772
Thirteen Days,2000,34566746
Daylight,1996,159212469
Walking With Dinosaurs,2013,126546518
Battlefield Earth,2000,21400000
Looney Tunes: Back in Action,2003,68514844
Nine,2009,53825515
Timeline,2003,19480739
The Postman,1997,17626234
Babe: Pig in the City,1998,69131860
The Last Witch Hunter,2015,146936910
Red Planet,2000,33463969
Arthur and the Invisibles,2006,107944236
Oceans,2009,19406406
A Sound of Thunder,2005,5989640
Pompeii,2014,117831631
A Beautiful Mind,2001,313542341
The Lion King,1994,788241776
Journey 2: The Mysterious Island,2012,355692760
Cloudy with a Chance of Meatballs 2,2013,248384621
Red Dragon,2002,209196298
Hidalgo,2004,108103450
Jack and Jill,2011,149673788
2 Fast 2 Furious,2003,236350661
The Little Prince,2015,97571250
The Invasion,2007,15071514
The Adventures of Rocky & Bullwinkle,2000,35134820
The Secret Life of Pets,2016,875958308
The League of Extraordinary Gentlemen,2003,179265204
Despicable Me 2,2013,970761885
Independence Day,1996,816969268
The Lost World: Jurassic Park,1997,229074524
Madagascar,2005,532680671
Children of Men,2006,69959751
X-Men,2000,296339527
Wanted,2008,258270008
The Rock,1996,335062621
Ice Age: The Meltdown,2006,660940780
50 First Dates,2004,196482882
Hairspray,2007,90450008
Exorcist: The Beginning,2004,78000586
Now You See Me,2013,117698894
Grown Ups,2010,271430189
The Terminal,2004,219417255
Hotel for Dogs,2009,73034460
Vertical Limit,2000,215663859
Charlie Wilson's War,2007,119000410
Shark Tale,2004,367275019
Dreamgirls,2006,154937680
Be Cool,2005,95226116
Munich,2005,130358911
Tears of the Sun,2003,85632458
Killers,2010,98159963
The Man from U.N.C.L.E.,2015,108145109
Spanglish,2004,55041367
Monster House,2006,140175006
Bandits,2001,67631903
First Knight,1995,127600435
Immortals,2011,226904017
Hostage,2005,77944725
Titan A.E.,2000,36754634
Hollywood Homicide,2003,51142659
Soldier,1998,14567883
Carriers,2009,5802422
Monkeybone,2001,5409517
Flight of the Phoenix,2004,21009180
Unbreakable,2000,248118121
Minions,2015,1156730962
Sucker Punch,2011,89792502
Snake Eyes,1998,103891409
Sphere,1998,13100000
The Angry Birds Movie,2016,349779543
Fool's Gold,2008,111231041
Funny People,2009,61458982
The Kingdom,2007,86658558
Talladega Nights: The Ballad of Ricky Bobby,2006,162966177
Dr. Dolittle 2,2001,176104344
Braveheart,1995,210000000
Jarhead,2005,96889998
The Simpsons Movie,2007,527068851
The Majestic,2001,37317558
Driven,2001,54744738
Two Brothers,2004,62172050
The Village,2004,256697520
Doctor Dolittle,1998,294456605
Signs,2002,408247917
Shrek 2,2004,919838758
Cars,2006,461983149
Runaway Bride,1999,309457509
xXx,2002,277448382
The SpongeBob Movie: Sponge Out of Water,2015,311594032
Ransom,1996,309492681
Inglourious Basterds,2009,319131050
Hook,1991,300854823
Die Hard 2,1990,240031094
S.W.A.T.,2003,116643346
Vanilla Sky,2001,203388341
Lady in the Water,2006,42285169
AVP: Alien vs. Predator,2004,171183863
Alvin and the Chipmunks: The Squeakquel,2009,443140005
We Were Soldiers,2002,114660784
Olympus Has Fallen,2013,161025640
Star Trek: Insurrection,1998,118000000
Battle: Los Angeles,2011,202466756
Big Fish,2003,122919055
War Horse,2011,177584879
The Monuments Men,2014,154984035
The Abyss,1989,90000098
Wall Street: Money Never Sleeps,2010,134748021
Dracula Untold,2014,215529201
The Siege,1998,116672912
Stardust,2007,135560026
Seven Years in Tibet,1997,131457682
The Dilemma,2011,67112664
Bad Company,2002,65977295
Doom,2005,55987321
I Spy,2002,33561137
Underworld: Awakening,2012,160112671
Rock of Ages,2012,59418613
Hart's War,2002,32287044
Killer Elite,2011,57777106
Ballistic: Ecks vs. Sever,2002,19924033
Hard Rain,1998,19870567
Osmosis Jones,2001,13596911
Legends of Oz: Dorothy's Return,2013,18662027
Blackhat,2015,17752940
Sky Captain and the World of Tomorrow,2004,57958696
Basic Instinct 2,2006,38629478
Escape Plan,2013,122915111
The Legend of Hercules,2014,61279452
The Sum of All Fears,2002,193000000
The Twilight Saga: Eclipse,2010,698491347
The Score,2001,71069884
Despicable Me,2010,543513985
Money Train,1995,35431113
Ted 2,2015,217022588
Agora,2009,39041505
Mystery Men,1999,29762011
Hall Pass,2011,83160734
The Insider,1999,60289912
The Finest Hours,2016,52099090
Body of Lies,2008,113280098
Dinner for Schmucks,2010,86387857
Abraham Lincoln: Vampire Hunter,2012,112265139
Entrapment,1999,212404396
The X Files,1998,189198313
The Last Legion,2007,25303038
Saving Private Ryan,1998,481840909
Need for Speed,2014,203277636
What Women Want,2000,374111707
Ice Age,2002,383257136
Dreamcatcher,2003,75715436
Lincoln,2012,275293450
The Matrix,1999,463517383
Apollo 13,1995,355237933
The Santa Clause 2,2002,172855065
Les Misérables,2012,441809770
You've Got Mail,1998,250821495
Step Brothers,2008,128107642
The Mask of Zorro,1998,250288523
Due Date,2010,211780824
Unbroken,2014,163442937
Space Cowboys,2000,128884132
Cliffhanger,1993,255000211
Broken Arrow,1996,150270147
The Kid,2000,69700000
World Trade Center,2006,162945894
The Dictator,2012,179379533
Eyes Wide Shut,1999,162091208
Annie,2014,133821816
Focus,2015,153962963
This Means War,2012,156974557
Blade: Trinity,2004,128905366
Red Dawn,1984,38376497
Resident Evil: Retribution,2012,240159255
Death Race,2008,73762516
The Long Kiss Goodnight,1996,89456761
Zathura: A Space Adventure,2005,64321501
Fight Club,1999,100853753
We Are Marshall,2006,43545364
Hudson Hawk,1991,17218080
"I, Frankenstein",2014,71154592
Oliver Twist,2005,42093706
Elektra,2005,56681566
Sin City: A Dame to Kill For,2014,39407616
Random Hearts,1999,74608570
Everest,2015,203427584
Perfume: The Story of a Murderer,2006,132180323
Austin Powers in Goldmember,2002,296655431
Astro Boy,2009,44091067
Jurassic Park,1993,920100000
Wyatt Earp,1994,25052000
Clear and Present Danger,1994,215887717
Dragon Blade,2015,121545703
Little Man,2006,101595121
U-571,2000,127666415
The American President,1995,107879496
The Love Guru,2008,41819064
3000 Miles to Graceland,2001,18720175
The Hateful Eight,2015,155760117
Hop,2011,183953723
300,2006,422610419
Meet the Fockers,2004,516642939
Marley & Me,2008,244082376
The Green Mile,1999,284600000
Wild Hogs,2007,253625427
Chicken Little,2005,314432665
Gone Girl,2014,369330363
The Bourne Identity,2002,214034224
GoldenEye,1995,352194034
The General's Daughter,1999,149705852
The Truman Show,1998,264118201
The Prince of Egypt,1998,218613188
Daddy Day Care,2003,164433867
2 Guns,2013,131940411
Cats & Dogs,2001,93375151
The Italian Job,2003,176070171
Two Weeks Notice,2002,93354918
Antz,1998,171757863
Couples Retreat,2009,171844840
Days of Thunder,1990,157920733
Cheaper by the Dozen 2,2005,129181830
Maze Runner: The Scorch Trials,2015,311256926
Eat Pray Love,2010,204594016
RED,2010,71664962
Any Given Sunday,1999,100230832
The Horse Whisperer,1998,186883563
Collateral,2004,217764291
The Scorpion King,2002,165333180
Ladder 49,2004,74541707
Jack Reacher,2012,218340595
Deep Blue Sea,1999,73648228
Contagion,2011,137551594
Coraline,2009,124596398
The Happening,2008,163403799
Man on Fire,2004,130293714
The Shaggy Dog,2006,61112916
Starsky & Hutch,2004,170268750
Jingle All the Way,1996,129832389
Hellboy,2004,99318987
A Civil Action,1998,56702901
ParaNorman,2012,107139399
The Jackal,1997,159330280
Paycheck,2003,96269812
The Tale of Despereaux,2008,50877145
Under Siege 2: Dark Territory,1995,104324083
Jack Ryan: Shadow Recruit,2014,50549107
Joy,2015,101134059
London Has Fallen,2016,205754447
Alien: Resurrection,1997,162000000
Shooter,2007,95696996
The Boxtrolls,2014,108255770
Practical Magic,1998,46683377
The Lego Movie,2014,469160692
Reign of Fire,2002,43061982
Gangster Squad,2013,105200903
Year One,2009,62357900
Invictus,2009,122233971
State of Play,2009,87784194
Duplicity,2009,60000000
My Favorite Martian,1999,36850101
The Sentinel,2006,77920346
Planet 51,2009,104945765
Star Trek: Nemesis,2002,67312826
Intolerable Cruelty,2003,119940815
Edge of Darkness,2010,74901339
The Relic,1997,33956608
Analyze That,2002,55003135
Righteous Kill,2008,73174566
The Soloist,2009,31720158
The Legend of Bagger Vance,2000,39459427
Almost Famous,2000,47383689
Garfield: A Tail of Two Kitties,2006,141702264
xXx: State of the Union,2005,71073932
Priest,2011,78309131
Sinbad: Legend of the Seven Seas,2003,26288320
Event Horizon,1997,26673242
Dragonfly,2002,52322400
The Black Dahlia,2006,49111202
Flyboys,2006,17800000
The Last Castle,2001,27642707
Supernova,2000,14828081
Winter's Tale,2014,30800231
The Mortal Instruments: City of Bones,2013,90565421
Meet Dave,2008,50650079
Dark Water,2005,25473093
Inkheart,2008,57490374
The Spirit,2008,39031337
Mortdecai,2015,30418560
The Monkey King 2,2016,193677158
The Great Raid,2005,10166502
Deadpool,2016,783112979
American Sniper,2014,542307423
Goosebumps,2015,158162788
Just Like Heaven,2005,102854431
The Flintstones in Viva Rock Vegas,2000,59468275
Rambo III,1988,189015611
Leatherheads,2008,41299492
Did You Hear About the Morgans?,2009,85280250
The Internship,2013,44000000
Resident Evil: Afterlife,2010,300228084
Red Tails,2012,50365377
The Devil's Advocate,1997,152944660
That's My Boy,2012,58058367
DragonHeart,1996,115267375
After the Sunset,2004,61347797
Ghost Rider: Spirit of Vengeance,2011,149217355
Captain Corelli's Mandolin,2001,62112895
The Pacifier,2005,113006880
Walking Tall,2004,57223890
Forrest Gump,1994,677945399
Alvin and the Chipmunks,2007,361366633
Meet the Parents,2000,330444045
Pocahontas,1995,346079773
Superman,1978,300218018
The Nutty Professor,1996,128769345
Hitch,2005,368100420
American Wedding,2003,231449203
Captain Phillips,2013,95000000
Date Night,2010,152263880
Casper,1995,287928194
The Equalizer,2014,192330738
Maid in Manhattan,2002,154906693
Crimson Tide,1995,157387195
The Pursuit of Happyness,2006,307077295
Flightplan,2005,223387299
Disclosure,1994,214015089
City of Angels,1998,198685114
Kill Bill: Vol. 1,2003,180949000
Kill Bill: Vol. 2,2004,152159461
Tango & Cash,1989,63408614
Death Becomes Her,1992,149022650
Shanghai Noon,2000,56932305
Executive Decision,1996,121969216
Mr. Popper's Penguins,2011,187361754
The Forbidden Kingdom,2008,127906624
Free Birds,2013,110000000
Alien³,1992,159773545
Evita,1996,141047179
Ronin,1998,41610884
The Ghost and the Darkness,1996,75000000
Paddington,2014,259207227
The Watch,2012,68267862
The Hunted,2003,34234008
Stuck on You,2003,33828318
Semi-Pro,2008,33472850
The Pirates! In an Adventure with Scientists!,2012,118338361
Changeling,2008,113020255
Chain Reaction,1996,60209334
The Fan,1996,18626419
The Phantom of the Opera,2004,154648887
Elizabeth: The Golden Age,2007,74237563
Æon Flux,2005,52304001
Gods and Generals,2003,12923936
Turbulence,1997,11466088
Muppets Most Wanted,2014,80383290
Thunderbirds,2004,28283637
Burlesque,2010,89519773
Lolita,1962,9250000
D-Tox,2002,6416302
Blade II,2002,155010032
Seven Pounds,2008,168167691
Bullet to the Head,2013,9489829
The Godfather: Part III,1990,136766062
Elizabethtown,2005,52034889
"You, Me and Dupree",2006,130431368
Superman II,1980,190458706
Gigli,2003,7266209
All the King's Men,2006,9450897
Shaft,2000,107196498
Anastasia,1997,139804348
Moulin Rouge!,2001,179213434
Domestic Disturbance,2001,54249294
Black Mass,2015,98837872
Flags of Our Fathers,2006,65900249
Law Abiding Citizen,2009,126690726
Grindhouse,2007,25037897
Lucky You,2007,5761917
Catch Me If You Can,2002,352114312
Zero Dark Thirty,2012,132820716
The Break-Up,2006,204999686
Mamma Mia!,2008,609841637
Valentine's Day,2010,216485654
The Dukes of Hazzard,2005,110803676
The Thin Red Line,1998,98126565
The Change-Up,2011,75450437
Man on the Moon,1999,47434430
Casino,1995,116112375
From Paris with Love,2010,52826594
"Me, Myself & Irene",2000,149270999
Barnyard,2006,72779000
Deck the Halls,2006,47231070
The Twilight Saga: New Moon,2009,709827462
Shrek,2001,484409218
The Adjustment Bureau,2011,127869379
Robin Hood: Prince of Thieves,1991,390493908
Jerry Maguire,1996,273552592
Ted,2012,549368315
As Good as It Gets,1997,314178011
Patch Adams,1998,202292902
Anchorman 2: The Legend Continues,2013,173649015
Mr. Deeds,2002,171269535
Super 8,2011,260095987
Erin Brockovich,2000,256271286
How to Lose a Guy in 10 Days,2003,177371441
22 Jump Street,2014,188441614
Interview with the Vampire,1994,223664608
Yes Man,2008,225990978
Central Intelligence,2016,216972543
Daddy's Home,2015,242786137
Into the Woods,2014,212902372
Inside Man,2006,184376254
Payback,1999,161626121
Congo,1995,152022101
We Bought a Zoo,2011,120081841
Knowing,2009,155446362
Failure to Launch,2006,88715192
The Ring Two,2005,161451538
"Crazy, Stupid, Love.",2011,142851197
Garfield,2004,200804534
Moneyball,2011,110206216
Outbreak,1995,189859560
Non-Stop,2014,222809600
Race to Witch Mountain,2009,106303988
V for Vendetta,2006,132511035
Shanghai Knights,2003,88323487
Curious George,2006,69834815
Herbie Fully Loaded,2005,66002004
Don't Say a Word,2001,100020092
Hansel & Gretel: Witch Hunters,2013,224803475
Unfaithful,2002,119137784
I Am Number Four,2011,144492830
Syriana,2005,94000000
13 Hours: The Secret Soldiers of Benghazi,2016,69411370
The Book of Life,2014,97437106
Firewall,2006,82800000
Absolute Power,1997,50068310
G.I. Jane,1997,48169156
The Game,1997,109423648
Silent Hill,2006,97607453
American Reunion,2012,234989584
The Negotiator,1998,44547681
Into the Storm,2014,160602194
Beverly Hills Cop III,1994,119208989
Gremlins 2: The New Batch,1990,41482207
The Judge,2014,83719388
Resident Evil: Apocalypse,2004,129394835
Bridget Jones: The Edge of Reason,2004,40203020
Out of Time,2003,55495563
On Deadly Ground,1994,49000000
The Adventures of Sharkboy and Lavagirl,2005,69425966
The Beach,2000,144056873
Raising Helen,2004,49718611
Ninja Assassin,2009,60462347
Striptease,1996,113309743
Marmaduke,2010,83761844
Hereafter,2010,105197635
Murder by Numbers,2002,56714147
Assassins,1995,30303072
Hannibal Rising,2007,82169884
The Story of Us,1999,58900031
The Host,2013,63327201
Basic,2003,42792561
Blood Work,2002,26199517
The International,2009,60161391
Escape from L.A.,1996,42277365
The Iron Giant,1999,23159305
The Life Aquatic with Steve Zissou,2004,34808403
Free State of Jones,2016,25035950
The Life of David Gale,2003,38955598
Run All Night,2015,71561644
Eastern Promises,2007,55112356
Into the Blue,2005,44434439
The Messenger: The Story of Joan of Arc,1999,66976317
Your Highness,2011,26121638
Dream House,2011,38502340
Mad City,1997,10541523
Baby's Day Out,1994,16671505
The Scarlet Letter,1995,10382407
Fair Game,2010,24188922
Domino,2005,22944502
Jade,1995,9851610
Gamer,2009,40828540
Beautiful Creatures,2013,60052138
Zoolander 2,2016,55969000
The Big Bounce,2004,6808550
Drive Angry,2011,28931401
Street Fighter: The Legend of Chun-Li,2009,12764201
The One,2001,72700000
The Adventures of Ford Fairlane,1990,20423389
The Boat That Rocked,2009,36348784
Traffic,2000,207515725
Indiana Jones and the Last Crusade,1989,474171806
Anna Karenina,2012,68929150
Chappie,2015,104399548
The Bone Collector,1999,151493655
Panic Room,2002,196397415
Three Kings,1999,108000000
Child 44,2015,3324330
Rat Race,2001,85498534
K-PAX,2001,50315140
Bedazzled,2000,90383208
The Cotton Club,1984,25928721
3:10 to Yuma,2007,70016220
Taken 3,2014,325771424
Out of Sight,1998,77745568
The Cable Guy,1996,102825796
Earth,1998,528972
Dick Tracy,1990,103738726
The Thomas Crown Affair,1999,124305181
Riding in Cars with Boys,2001,35743308
First Blood,1982,125212904
Happily N'Ever After,2006,38085778
Mary Reilly,1996,12379402
My Best Friend's Wedding,1997,299288605
Insomnia,2002,113714830
Star Trek: First Contact,1996,150000000
Jonah Hex,2010,10539000
Courage Under Fire,1996,100860818
Liar Liar,1997,181000000
The Infiltrator,2016,15436808
Inchon,1981,5200000
The Flintstones,1994,341631208
Taken 2,2012,376141306
Scary Movie 3,2003,220673217
Miss Congeniality,2000,212000000
Journey to the Center of the Earth,2008,101702060
The Princess Diaries 2: Royal Engagement,2004,95149435
The Pelican Brief,1993,195268056
The Client,1994,117615211
The Bucket List,2007,175372502
Patriot Games,1992,178051587
Monster-in-Law,2005,154749918
Prisoners,2013,122126687
Training Day,2001,104876233
Galaxy Quest,1999,90683916
Scary Movie 2,2001,141220678
The Muppets,2011,165184237
Blade,1998,131183530
Coach Carter,2005,76669806
Changing Lanes,2002,94935764
Anaconda,1997,136885767
Coyote Ugly,2000,113916474
Love Actually,2003,244931766
A Bug's Life,1998,363258859
From Hell,2001,74558115
The Specialist,1994,170362582
Tin Cup,1996,53854588
Kicking & Screaming,2005,56070433
The Hitchhiker's Guide to the Galaxy,2005,104478416
Resident Evil: Extinction,2007,148412065
Blended,2014,123494610
Last Holiday,2006,38399961
Savages,2012,82966152
Cellular,2004,56422687
Johnny English,2003,160583018
The Ant Bully,2006,55181129
Dune,1984,30925690
Revolutionary Road,2008,75225693
16 Blocks,2006,65664721
Babylon A.D.,2008,72108608
Aliens in the Attic,2009,57881056
The Pledge,2001,29400000
The Producers,2005,38058335
The Phantom,1996,17300889
Nixon,1995,13681765
The Ghost Writer,2010,60222298
Deep Rising,1998,11203026
Miracle at St. Anna,2008,9323833
Bangkok Dangerous,2008,42487390
Big Trouble,2002,8493890
Love in the Time of Cholera,2007,4607608
Shadow Conspiracy,1997,2154540
Johnny English Reborn,2011,160078586
Foodfight!,2012,73706
Argo,2012,232324128
The Fugitive,1993,368875760
The Bounty Hunter,2010,136000000
Sleepers,1996,165615285
Rambo: First Blood Part II,1985,300400432
Pinocchio,1940,84300000
Heaven's Gate,1980,3484331
Underworld: Evolution,2006,111340801
Victor Frankenstein,2015,34227298
Finding Forrester,2000,80049764
Unleashed,2005,50871113
The Sweetest Thing,2002,68696770
The Firm,1993,270248367
Charlie St. Cloud,2010,48190704
The Mechanic,2011,51070807
21 Jump Street,2012,201585328
Notting Hill,1999,363889678
Chicken Run,2000,224834564
Along Came Polly,2004,171963386
Boomerang,1992,70100000
The Heat,2013,158674180
Cleopatra,1963,71000000
Here Comes the Boom,2012,73100172
High Crimes,2002,63781810
The Mothman Prophecies,2002,55157539
Licence to Kill,1989,156167015
Red Riding Hood,2011,89162162
15 Minutes,2001,56359980
Super Mario Bros.,1993,20915465
Lord of War,2005,24127895
Hero,2002,177394432
One for the Money,2012,36893721
The Interview,2014,12342632
The Warrior's Way,2010,11087569
Micmacs,2009,14000000
8 Mile,2002,215000000
A Knight's Tale,2001,117487473
The Sixth Sense,1999,672806292
Man on a Ledge,2012,46221189
The Big Year,2011,7448385
The Karate Kid,1984,90815558
American Hustle,2013,251171807
The Proposal,2009,317375031
Double Jeopardy,1999,177841558
Back to the Future Part II,1989,332000000
Lucy,2014,126546825
Fifty Shades of Grey,2015,571006128
Spy Kids 3-D: Game Over,2003,197011982
A Time to Kill,1996,152266007
Cheaper by the Dozen,2003,190212113
Lone Survivor,2013,149295601
A League of Their Own,1992,107458785
The Conjuring 2,2016,320170008
The Social Network,2010,224920315
He's Just Not That Into You,2009,177259441
Scary Movie 4,2006,178262620
Scream 3,2000,161834276
Back to the Future Part III,1990,244527583
Get Hard,2015,111811453
Dracula,1992,215862692
Julie & Julia,2009,129540499
42,2013,95020213
The Talented Mr. Ripley,1999,128798265
Dumb and Dumber To,2014,169837010
Eight Below,2006,120455994
The Intern,2015,194564672
Ride Along 2,2016,124827316
The Last of the Mohicans,1992,75505856
Ray,2004,124731534
Sin City,2005,158733820
Vantage Point,2008,151161491
"I Love You, Man",2009,91636986
Shallow Hal,2001,141069860
JFK,1991,205405498
Big Momma's House 2,2006,138259062
The Mexican,2001,147845033
17 Again,2009,136267476
The Other Woman,2014,196781193
The Final Destination,2009,186167139
Bridge of Spies,2015,165478348
Behind Enemy Lines,2001,91753202
Get Him to the Greek,2010,90029656
Shall We Dance?,2004,170128460
Small Soldiers,1998,54682547
Spawn,1997,87840042
The Count of Monte Cristo,2002,75395048
The Lincoln Lawyer,2011,85412898
Unknown,2011,130786397
The Prestige,2006,109676311
Horrible Bosses 2,2014,107670357
Escape from Planet Earth,2013,74597643
Apocalypto,2006,120175290
The Living Daylights,1987,191185897
Predators,2010,126248813
Secret Window,2004,92913171
The Lake House,2006,114830111
The Skeleton Key,2005,91974818
The Odd Life of Timothy Green,2012,51854875
Made of Honor,2008,84601681
Jersey Boys,2014,67347013
The Rainmaker,1997,45916769
Gothika,2003,141591324
Amistad,1997,74000000
Aliens vs Predator: Requiem,2007,41797066
Music and Lyrics,2007,145896422
Paul,2011,97552050
The Guilt Trip,2012,41863726
Scream 4,2011,97138686
8MM,1999,96618699
The Doors,1991,34416893
Sex Tape,2014,126069509
Hanging Up,2000,36037909
Final Destination 5,2011,157887643
Pay It Forward,2000,55707411
Fever Pitch,2005,50451307
The Shadow,1994,48063435
Extremely Loud & Incredibly Close,2011,55247881
Morning Glory,2010,58785180
Get Rich or Die Tryin',2005,46442528
The Art of War,2000,30199105
Rent,2005,31670620
The Out-of-Towners,1999,29000000
The Island of Dr. Moreau,1996,49627779
The Musketeer,2001,27053815
Sweet November,2001,65754228
The Reaping,2007,62771059
Mean Streets,1973,3000000
Renaissance Man,1994,24332324
Colombiana,2011,60965854
Quest for Camelot,1998,38172500
City By The Sea,2002,22433915
Torque,2004,46546197
Showgirls,1995,20350754
Marie Antoinette,2006,60474340
Get Carter,2000,19412993
The Impossible,2012,180274123
Ishtar,1987,14375181
Fantastic Mr. Fox,2009,46471023
Life or Something Like It,2002,16872671
Memoirs of an Invisible Man,1992,14358033
Amélie,2001,173921954
Alfie,2004,13395939
Big Miracle,2012,24719215
The Deep End of the Ocean,1999,28121100
FearDotCom,2002,18902015
Cirque du Freak: The Vampire's Assistant,2009,28169671
Duplex,2003,19322135
Universal Soldier: The Return,1999,10667893
Pandorum,2009,20645327
Extreme Ops,2002,10959475
Sunshine,2007,32017803
A Thousand Words,2012,22044277
The Gunman,2015,13644292
Stormbreaker,2006,23937870
Disturbia,2007,117760134
Hackers,1995,7563728
Snowpiercer,2013,86758912
The Crow,1994,94000000
Baahubali: The Beginning,2015,100000000
The Time Traveler's Wife,2009,101229792
Because I Said So,2007,69485490
Frankenweenie,2012,35287788
Serenity,2005,38869464
Against the Ropes,2004,6614280
Superman III,1983,75850624
Grudge Match,2013,44907260
Red Cliff,2008,127814609
Sweet Home Alabama,2002,180622424
The Ugly Truth,2009,205298907
Spy Kids 2: The Island of Lost Dreams,2002,119723358
Star Trek: Generations,1994,120000000
The Grandmaster,2013,64076736
Water for Elephants,2011,114156230
The Hurricane,1999,73956241
Enough,2002,51801187
Paul Blart: Mall Cop 2,2015,107597242
Angel Eyes,2001,29700000
The Ninth Gate,1999,58401898
Extreme Measures,1996,17380126
Rock Star,2001,16991902
Precious,2009,47536959
White Squall,1996,10300000
The Thing,1982,19629760
Riddick,2013,98337295
Switchback,1997,6482195
City of Ember,2008,17869048
The Master,2012,28258060
Virgin Territory,2007,5410749
The Express,2008,9793496
The 5th Wave,2016,109906372
Creed,2015,173567581
The Town,2010,154026136
What to Expect When You're Expecting,2012,79700000
Burn After Reading,2008,163720069
Nim's Island,2008,100076342
Rush,2013,90247624
Magnolia,1999,48451803
Cop Out,2010,55583804
How to Be Single,2016,112343513
Dolphin Tale,2011,95404397
Twilight,2008,392616625
John Q,2002,102244770
Blue Streak,1999,117758500
We're the Millers,2013,269994119
The Inhabited Island,2008,21834845
Breakdown,1997,50159144
Never Say Never Again,1983,160000000
Hot Tub Time Machine,2010,64572262
Dolphin Tale 2,2014,52424533
Reindeer Games,2000,32168970
A Man Apart,2003,44350926
Aloha,2015,26250020
The Rite,2011,96047633
Gattaca,1997,12532777
Isn't She Great,2000,3003296
Space Chimps,2008,63800345
The Hangover,2009,459270619
Ip Man 3,2015,156844753
Austin Powers: The Spy Who Shagged Me,1999,310940086
Batman,1989,411348924
Lethal Weapon 3,1992,321731527
The Blind Side,2009,309208309
Spy Kids,2001,147934180
Horrible Bosses,2011,117000000
True Grit,2010,252276927
The Devil Wears Prada,2006,326551094
Star Trek: The Motion Picture,1979,139000000
Identity Thief,2013,173965010
Cape Fear,1991,182300000
21,2008,69823199
Trainwreck,2015,140795793
Guess Who,2005,68915888
The English Patient,1996,231976425
L.A. Confidential,1997,126216940
Sky High,2005,86369815
Species,1995,113374103
A Nightmare on Elm Street,1984,25504513
The Cell,2000,104155843
Secretariat,2010,60251371
TMNT,2007,95608995
Radio,2003,52277485
Friends with Benefits,2011,150483765
Neighbors 2: Sorority Rising,2016,108758521
Saving Mr. Banks,2013,112544580
Malcolm X,1992,48169908
This Is 40,2012,88058786
Old Dogs,2009,92219310
Underworld: Rise of the Lycans,2009,91353501
License to Wed,2007,69307224
Must Love Dogs,2005,58405313
Donnie Brasco,1997,41954997
Resident Evil,2002,102984862
Poltergeist,1982,122200000
Max Payne,2008,85416905
In Time,2011,173930596
The Back-Up Plan,2010,77477008
Something Borrowed,2011,59901913
The Bad News Bears,1976,35323292
Street Fighter,1994,99423521
The Pianist,2002,120072577
House of Wax,2005,68766121
Closer,2004,115505027
J. Edgar,2011,84606030
Mirrors,2008,72436439
Queen of the Damned,2002,45479110
Predator 2,1990,57120318
Untraceable,2008,32483410
Blast from the Past,1999,40263020
Flash Gordon,1980,27107960
Jersey Girl,2004,36098382
Alex Cross,2012,30353232
Midnight in the Garden of Good and Evil,1997,25105255
Heist,2015,4100000
Nanny McPhee and the Big Bang,2010,93246388
The X Files: I Want to Believe,2008,68369434
Ella Enchanted,2004,27388767
Concussion,2015,50363790
Abduction,2011,82087155
Valiant,2005,19478106
Superhero Movie,2008,25871834
Broken City,2013,19701164
Cursed,2005,19294901
Premium Rush,2012,31083599
Hot Pursuit,2015,51680201
The Four Feathers,2002,29882645
Parker,2013,46216641
Wimbledon,2004,41512007
Furry Vengeance,2010,39340177
Krull,1983,16519460
Lions for Lambs,2007,63215872
Walk Hard: The Dewey Cox Story,2007,18317151
American Outlaws,2001,13678913
The Young Victoria,2009,27409889
Whiteout,2009,12206028
The Tree of Life,2011,54674226
Sabotage,2014,17508518
The Order,2003,11560806
Punisher: War Zone,2008,10089373
Zoom,2006,12506188
The Walk,2015,61181942
A Good Year,2006,42064105
Radio Flyer,1992,4651977
Femme Fatale,2002,16838910
The Horseman on the Roof,1995,15000000
Ride with the Devil,1999,635096
Biutiful,2010,25147786
Bandidas,2006,10496317
The Maze Runner,2014,348319861
Unfinished Business,2015,14431253
The Age of Innocence,1993,32255440
The Fountain,2006,15304890
Chill Factor,1999,11263966
Stolen,2012,2106557
Ponyo,2008,187479518
The Longest Ride,2015,63013281
The Astronaut's Wife,1999,19598588
Mandela: Long Walk to Freedom,2013,27330000
Reds,1981,40382659
A Few Good Men,1992,243240178
Exit Wounds,2001,79958599
Big Momma's House,2000,173959438
The Darkest Hour,2011,64626786
Step Up Revolution,2012,140470746
Snakes on a Plane,2006,62022014
The Punisher,2004,54700105
Goal!: The Dream Begins,2005,27610873
Safe,2012,40346186
Return of the Jedi,1983,572700000
Doomsday,2008,22211426
The Reader,2008,113019290
Wanderlust,2012,24159934
Elf,2003,173398518
Phenomenon,1996,152036382
Scrooged,1988,60328000
Nacho Libre,2006,80197993
Bridesmaids,2011,288383523
This Is the End,2013,126041322
Stigmata,1999,50041732
Men of Honor,2000,48814909
Takers,2010,69055695
The Big Wedding,2013,21819348
"Big Mommas: Like Father, Like Son",2011,83615414
Source Code,2011,147332697
Alive,1993,36733909
The Number 23,2007,77566815
The Young and Prodigious T.S. Spivet,2013,9494789
1941,1979,31755742
A History of Violence,2005,60740827
Transporter 2,2005,85167639
The Quick and the Dead,1995,18552460
Laws of Attraction,2004,30016165
Repo Men,2010,18409891
Dragon Wars: D-War,2007,53587404
The Incredible Burt Wonderstone,2013,27437881
Cats Don't Dance,1997,3566637
The Good German,2006,5914908
Apocalypse Now,1979,89460381
Going the Distance,2010,42045846
Mr. Holland's Opus,1995,106269971
Criminal,2016,14708696
Out of Africa,1985,128499205
Flight,2012,161772375
Moonraker,1979,210308099
The Grand Budapest Hotel,2014,174600318
Hearts in Atlantis,2001,24185781
Arachnophobia,1990,53208180
Frequency,2000,68106245
Vacation,2015,104384188
Get Shorty,1995,115101622
Chicago,2002,306776732
Big Daddy,1999,234801895
American Pie 2,2001,287553595
Toy Story,1995,373554033
Speed,1994,350448145
The Vow,2012,196114570
Extraordinary Measures,2010,15134293
Remember the Titans,2000,136706683
The Hunt for Red October,1990,199200000
The Butler,2013,115922175
DodgeBall: A True Underdog Story,2004,167722310
The Addams Family,1991,191502426
Ace Ventura: When Nature Calls,1995,212385533
The Princess Diaries,2001,165335153
The First Wives Club,1996,116400000
Se7en,1995,327311859
District 9,2009,210819611
The SpongeBob SquarePants Movie,2004,140161792
Mystic River,2003,156822020
Million Dollar Baby,2004,216763646
Analyze This,1999,176885658
The Notebook,2004,115603229
27 Dresses,2008,160259319
Hannah Montana: The Movie,2009,155545279
Rugrats in Paris: The Movie,2000,103
The Prince of Tides,1991,74787599
Legends of the Fall,1994,160638883
Up in the Air,2009,163670000
About Schmidt,2002,105834556
Warm Bodies,2013,116980662
Looper,2012,47042000
Babe,1995,254134910
Hope Springs,2012,114281051
Forgetting Sarah Marshall,2008,105173115
Four Brothers,2005,92374674
Baby Mama,2008,63833449
Bride Wars,2009,114663461
Without a Paddle,2004,69631118
13 Going on 30,2004,96455697
Midnight in Paris,2011,151119219
Blow,2001,83282296
Message in a Bottle,1999,118880016
Star Trek V: The Final Frontier,1989,70200000
The Naked Gun 33⅓: The Final Insult,1994,51132598
A View to a Kill,1985,152427960
The Curse of the Were-Rabbit,2005,192452832
P.S. I Love You,2007,156835339
Racing Stripes,2005,93772522
Atonement,2007,129266061
Black Rain,1989,45892212
The Three Stooges,2012,54819301
Corpse Bride,2005,117195061
Glory Road,2006,42647449
Sicario,2015,84025816
Southpaw,2015,91709827
Drag Me to Hell,2009,90810892
The Age of Adaline,2015,65663276
Step Up 3D,2010,159291809
Blue Crush,2002,51842679
Stranger Than Fiction,2006,53653224
30 Days of Night,2007,75505973
The Cabin in the Woods,2012,66486080
Meet the Spartans,2008,84646831
Midnight Run,1988,38413606
The Running Man,1987,38122105
Little Shop of Horrors,1986,38748395
Hanna,2011,63782078
Mortal Kombat: Annihilation,1997,51376861
Larry Crowne,2011,36160375
Carrie,2013,82394288
Take the Lead,2006,34742066
Gridiron Gang,2006,41480851
9,2009,48428063
Side Effects,2013,63372757
Winnie the Pooh,2011,14460000
Dumb and Dumberer: When Harry Met Lloyd,2003,39267515
Bulworth,1998,29202884
Get on Up,2014,31911598
Virtuosity,1995,24048000
My Super Ex-Girlfriend,2006,60896147
Sanctum,2011,108609310
Little Black Book,2004,22034832
The Five-Year Engagement,2012,53909751
Mr. 3000,2004,21800302
The Next Three Days,2010,51148651
Ultraviolet,2006,31070211
Assault on Precinct 13,2005,35294470
The Replacement Killers,1998,19204929
Fled,1996,17193231
Love & Other Drugs,2010,102820008
88 Minutes,2007,16930884
North Country,2005,25224242
The Whole Ten Yards,2004,26155781
Howard the Duck,1986,37962774
Pride and Glory,2008,31148328
The Cave,2005,15007991
Alex & Emma,2003,15368897
Wicker Park,2004,13001257
Fright Night,2011,24922237
The New World,2005,30536013
Godsend,2004,30114487
Chasing Liberty,2004,12
Hoodwinked Too! Hood VS. Evil,2011,13521829
An Unfinished Life,2005,18618284
The Imaginarium of Doctor Parnassus,2009,64352607
Barney's Version,2010,8454301
Runner Runner,2013,62616646
Antitrust,2001,18195610
Glory,1989,26828365
Dead Man Down,2013,18074539
Supercross,2005,3102550
Miss Potter,2006,35078241
DOA: Dead or Alive,2006,480314
The Assassination of Jesse James by the Coward Robert Ford,2007,14711793
1911,2011,108348
Machine Gun Preacher,2011,2527904
Sausage Party,2016,140752617
Pitch Perfect 2,2015,287506194
Walk the Line,2005,186438883
Keeping the Faith,2000,37036004
Confessions of a Dangerous Mind,2002,33013805
Serving Sara,2002,16930185
The Boss,2016,78636257
Seed of Chucky,2004,24829644
The Jacket,2005,21126225
Aladdin,1992,504050219
Straight Outta Compton,2015,201634991
Indiana Jones and the Temple of Doom,1984,333000000
The Rugrats Movie,1998,100491683
Along Came a Spider,2001,105178561
Florence Foster Jenkins,2016,48902953
Once Upon a Time in Mexico,2003,98185582
Die Hard,1988,140767956
Role Models,2008,92380927
The Big Short,2015,133346506
Miracle,2004,64445708
Dawn of the Dead,2004,102356381
The Wedding Planner,2001,94728529
Space Pirate Captain Harlock,2013,17137302
The Royal Tenenbaums,2001,71441250
Identity,2003,90259536
Last Vegas,2013,134402450
For Your Eyes Only,1981,195312802
Serendipity,2001,77516304
Timecop,1994,101646581
Zoolander,2001,60780981
Safe Haven,2013,97594140
Hocus Pocus,1993,39514713
No Reservations,2007,92601050
Kick-Ass,2010,96188903
30 Minutes or Less,2011,40547440
Dracula 2000,2000,33000337
"Alexander and the Terrible, Horrible, No Good, Very Bad Day",2014,100654149
Pride & Prejudice,2005,121147947
Blade Runner,1982,33139618
Rob Roy,1995,31596911
3 Days to Kill,2014,52597999
We Own the Night,2007,54926886
Winged Migration,2001,20217080
Just My Luck,2006,38159905
"Mystery, Alaska",1999,8888143
The Spy Next Door,2010,45236543
A Simple Wish,1997,8345056
Ghosts of Mars,2001,14010832
Our Brand Is Crisis,2015,7002261
Pride and Prejudice and Zombies,2016,16374328
Kundun,1997,5684789
How to Lose Friends & Alienate People,2008,17286299
Kick-Ass 2,2013,60700000
Alatriste,2006,23321954
Brick Mansions,2014,68896829
Octopussy,1983,187500000
Knocked Up,2007,219076518
My Sister's Keeper,2009,95714875
Welcome Home Roscoe Jenkins,2008,43650785
A Passage to India,1984,27187653
Notes on a Scandal,2006,49469904
Rendition,2007,24748670
Star Trek VI: The Undiscovered Country,1991,96900000
Kiss the Girls,1997,60527873
The Blues Brothers,1980,115229890
The Sisterhood of the Traveling Pants 2,2008,44352417
About a Boy,2002,129000000
Lake Placid,1999,56870414
Lucky Number Slevin,2006,56308881
The Right Stuff,1983,21500000
Anonymous,2011,15395087
The NeverEnding Story,1984,20158808
Dark City,1998,27200316
Return to Oz,1985,11137801
The Newton Boys,1998,76000000
Case 39,2009,29000000
Suspect Zero,2004,13000000
Spy Kids: All the Time in the World,2011,85564310
Money Monster,2016,93282604
The 51st State,2001,14
Flawless,1999,4488529
Mindhunters,2004,21148829
What Just Happened,2008,6673422
Paul Blart: Mall Cop,2009,183293131
Freaky Friday,2003,110230332
The 40 Year Old Virgin,2005,109449237
Shakespeare in Love,1998,289317794
A Walk Among the Tombstones,2014,53181600
Kindergarten Cop,1990,201957688
Pineapple Express,2008,101624843
Ever After: A Cinderella Story,1998,65705772
Open Range,2003,68296293
Flatliners,1990,61489265
A Bridge Too Far,1977,50750000
Red Eye,2005,57891803
Final Destination 2,2003,90426405
"O Brother, Where Art Thou?",2000,71868327
Legion,2010,67918658
Pain & Gain,2013,86175291
Clockstoppers,2002,38793283
Brothers,2009,43318349
Agent Cody Banks 2: Destination London,2004,28818995
New Year's Eve,2011,142044638
Original Sin,2001,35402320
The Raven,2012,29657751
Welcome to Mooseport,2004,14000000
Highlander: The Final Dimension,1994,36800000
Flipper,1996,20080020
Self/less,2015,30523226
The Constant Gardener,2005,82466670
The Passion of the Christ,2004,611899420
Mrs. Doubtfire,1993,441286195
Rain Man,1988,412800000
Gran Torino,2008,269958228
W.,2008,29506464
Taken,2008,226830568
The Best of Me,2014,35926213
The Bodyguard,1992,411006740
Schindler's List,1993,321365567
The Help,2011,124272124
The Fifth Estate,2013,8555008
Scooby-Doo 2: Monsters Unleashed,2004,181466833
Freddy vs. Jason,2003,114908830
Jimmy Neutron: Boy Genius,2001,80936232
Cloverfield,2008,170764026
Teenage Mutant Ninja Turtles II: The Secret of the Ooze,1991,78000000
The Untouchables,1987,76270454
No Country for Old Men,2007,171600000
Ride Along,2014,153997819
Bridget Jones's Diary,2001,281929795
Chocolat,2000,152500343
"Legally Blonde 2: Red, White & Blonde",2003,124914842
Parental Guidance,2012,119772232
No Strings Attached,2011,147780440
Tombstone,1993,56505065
Romeo Must Die,2000,91036760
The Omen,1976,60922980
Final Destination 3,2006,117719158
The Lucky One,2012,99357138
Bridge to Terabithia,2007,137587063
Finding Neverland,2004,116766556
The Grey,2012,77278331
Hide and Seek,2005,122644820
Anchorman: The Legend of Ron Burgundy,2004,90574188
GoodFellas,1990,46836394
Agent Cody Banks,2003,58795814
Nanny McPhee,2005,122489822
Scarface,1983,65884703
The Last Emperor,1987,43984230
Contraband,2012,63100000
There Will Be Blood,2007,77208711
Undercover Brother,2002,41604473
The Sisterhood of the Traveling Pants,2005,39053061
Kiss of the Dragon,2001,64437847
The House Bunny,2008,70442940
Beauty Shop,2005,36351350
Million Dollar Arm,2014,38307627
The Giver,2014,66980456
Jeepers Creepers 2,2003,63102666
Good Luck Chuck,2007,59192128
Cradle 2 the Grave,2003,56489558
The Hours,2002,41597830
She's the Man,2006,33889159
Mr. Bean's Holiday,2007,229736344
Anacondas: The Hunt for the Blood Orchid,2004,70992898
Blood Ties,2013,2415472
August Rush,2007,66122026
Elizabeth,1998,82150642
Bride of Chucky,1998,50671850
Tora! Tora! Tora!,1970,29548291
Spice World,1997,100000000
The Sitter,2011,34942188
The Shawshank Redemption,1994,28341469
Crocodile Dundee in Los Angeles,2001,39438674
Kingpin,1996,25023434
The Gambler,2014,39171130
August: Osage County,2013,74188937
Ice Princess,2005,27645491
A Lot Like Love,2005,42886719
Eddie the Eagle,2016,46152800
He Got Game,1998,21567853
Don Juan DeMarco,1994,22200000
Dear John,2010,114977104
The Losers,2010,23580000
Don't Be Afraid of the Dark,2010,36993168
War,2007,40452643
Punch-Drunk Love,2002,17000000
EuroTrip,2004,20796847
The Greatest Game Ever Played,2005,15431177
The Box,2009,33333531
The Next Best Thing,2000,24362772
My Soul to Take,2010,19829957
The Girl Next Door,2004,30411183
Maximum Risk,1996,51702483
Legend,2015,42972994
Hot Rod,2007,14334401
Shark Night,2011,10126458
Angela's Ashes,1999,13
Draft Day,2014,28831145
The Conspirator,2010,15478800
Lords of Dogtown,2005,13411957
The 33,2015,24902723
Big Trouble in Little China,1986,11000000
Warrior,2011,23057115
Michael Collins,1996,16900000
Gettysburg,1993,25000000
Stop-Loss,2008,11207130
Abandon,2002,10719357
Brokedown Palace,1999,13000000
The Possession,2012,85446075
Mrs. Winterbourne,1996,10070000
Straw Dogs,2011,10324441
The Hoax,2006,11772461
The Road,2009,27635305
Sheena,1984,5778353
Tank Girl,1995,4064495
Blindness,2008,19844979
BloodRayne,2005,2405420
Carnage,2011,27603069
Cirque du Soleil: Worlds Away,2012,34153101
Without Limits,1998,777423
Me and Orson Welles,2009,2336172
The Best Offer,2013,19255873
The Bad Lieutenant: Port of Call - New Orleans,2009,10589102
Little White Lies,2010,48531470
Space Dogs,2010,6500000
The Counselor,2013,71009334
Waterloo,1970,3052000
Dangerous Liaisons,1988,34670720
On the Road,2012,8784318
Star Trek IV: The Voyage Home,1986,133000000
Rocky Balboa,2006,155721132
Scream 2,1997,172363301
Jane Got a Gun,2016,1397284
Think Like a Man Too,2014,70181428
The Whole Nine Yards,2000,106371651
Footloose,1984,80035402
Old School,2003,87055349
The Fisher King,1991,41895491
I Still Know What You Did Last Summer,1998,40002112
Return to Me,2000,36609995
Zack and Miri Make a Porno,2008,42105111
The Men Who Stare at Goats,2009,68729358
Win a Date with Tad Hamilton!,2004,16980098
Muppets from Space,1999,16290976
The Wiz,1978,21049053
Ready to Rumble,2000,12372410
Play It to the Bone,1999,8434146
I Don't Know How She Does It,2011,30551495
Piranha 3D,2010,83188165
Meet the Deedles,1998,4562146
The Thief and the Cobbler,1993,669276
Faster,2010,23081726
Howl's Moving Castle,2004,234710455
Zombieland,2009,102391382
The Waterboy,1998,185991646
The Empire Strikes Back,1980,538400000
Bad Boys,1995,141407024
The Naked Gun 2½: The Smell of Fear,1991,86930411
Final Destination,2000,53302314
The Ides of March,2011,75993061
Pitch Black,2000,53187659
Her,2013,47351251
Joy Ride,2001,36642838
The Adventurer: The Curse of the Midas Box,2013,6399
Anywhere But Here,1999,18653615
Haywire,2011,33372606
Jaws: The Revenge,1987,51881013
The End of the Affair,1999,10827816
Harley Davidson and the Marlboro Man,1991,7434726
In the Valley of Elah,2007,29541790
Cheri,2009,9366227
Vanity Fair,2004,16123851
Bodyguards and Assassins,2009,5837674
1408,2007,94679598
Spaceballs,1987,38119483
The Water Diviner,2014,15520023
Ghost,1990,505000000
There's Something About Mary,1998,369884651
The Santa Clause,1994,189833357
The Rookie,2002,75597042
The Game Plan,2007,147880543
The Bridges of Madison County,1995,182016617
The Animal,2001,84772742
Gandhi,1982,77737889
The Hundred-Foot Journey,2014,88880821
The Net,1995,110627965
I Am Sam,2001,92542418
Son of God,2014,67800064
Underworld,2003,95708457
Derailed,2005,57479076
The Informant!,2009,35424826
Deuce Bigalow: European Gigolo,2005,22400154
Delivery Man,2013,51164106
Our Kind of Traitor,2016,9930095
Saving Silverman,2001,19351569
Diary of a Wimpy Kid: Dog Days,2012,77112176
Jay and Silent Bob Strike Back,2001,33788161
The Glass House,2001,23619609
"Hail, Caesar!",2016,63647656
Homefront,2013,43058898
The Little Vampire,2000,13555988
RoboCop 3,1993,10696210
The Transporter Refueled,2015,72629670
Black Book,2006,26193068
Joyeux Noël,2005,17709155
Hit & Run,2012,14400000
Before I Go to Sleep,2014,15447154
Sorcerer,1977,12000000
Stone,2010,9479718
Out of the Furnace,2013,15400000
Michael Clayton,2007,92991835
Underdogs,2013,24000000
To Rome with Love,2012,73244881
Firefox,1982,70687344
Death at a Funeral,2007,46
Teenage Mutant Ninja Turtles III,1993,42000000
Hardball,2001,40222729
Silver Linings Playbook,2012,205738714
Freedom Writers,2007,41170784
For Colored Girls,2010,37000000
The Transporter,2002,43928932
Never Back Down,2008,41627431
The Rage: Carrie 2,1999,17762705
Away We Go,2009,14899417
Swing Vote,2008,17600000
Moonlight Mile,2002,10011050
The Beaver,2011,970816
The Best Little Whorehouse in Texas,1982,69701637
eXistenZ,1999,2856712
Raiders of the Lost Ark,1981,389925971
Home Alone 2: Lost in New York,1992,358991681
Close Encounters of the Third Kind,1977,303788635
Pulse,2006,29907685
Beverly Hills Cop II,1987,299965036
Bringing Down the House,2003,132675402
The Silence of the Lambs,1991,272742922
Wayne's World,1992,121697323
Jackass 3D,2010,117224271
Jaws 2,1978,187884007
Beverly Hills Chihuahua,2008,149281606
The Conjuring,2013,318000141
Are We There Yet?,2005,97918663
Tammy,2014,100525432
School of Rock,2003,131282949
Mortal Kombat,1995,122195920
White Chicks,2004,113086475
The Descendants,2011,177243185
12 Years a Slave,2013,187000000
Drumline,2002,57588485
Why Did I Get Married Too?,2010,60072596
Edward Scissorhands,1990,53000000
Me Before You,2016,207945075
The French Connection,1971,41158757
Bad Moms,2016,183936074
Date Movie,2006,48548426
Return to Never Land,2002,109862682
Selma,2014,66787908
The Jungle Book 2,2003,135680000
Boogeyman,2005,67192859
Premonition,2007,84146832
The Tigger Movie,2000,45554533
Orphan,2009,41596251
Max,2015,43967255
Epic Movie,2007,86865564
Spotlight,2015,88346473
Lakeview Terrace,2008,27640028
The Grudge 2,2006,39143839
How Stella Got Her Groove Back,1998,37672350
Man of the Year,2006,41237648
The Black Hole,1979,35841901
The American,2010,65464324
Selena,1997,60000000
Vampires Suck,2010,80547866
Babel,2006,135330182
This Is Where I Leave You,2014,41296320
Doubt,2008,50907234
Team America: World Police,2004,50907422
Texas Chainsaw 3D,2013,47241945
Scary Movie 5,2013,78378744
Paint Your Wagon,1969,31678778
Milk,2008,54586584
Risen,2016,46069568
Ghost Ship,2002,68349884
A Very Harold & Kumar Christmas,2011,35387212
Wild Things,1998,67200000
The Debt,2010,45636368
High Fidelity,2000,47126295
The Bank Job,2008,64822796
Eternal Sunshine of the Spotless Mind,2004,72258126
You Again,2010,32005248
Street Kings,2008,65569869
The World's End,2013,46089287
Daybreakers,2009,51416464
She's Out of My League,2010,49779728
Monte Carlo,2011,17425000
Stay Alive,2006,27105095
Alpha and Omega,2010,39300000
The Covenant,2006,37597471
Shorts,2009,28972508
To Die For,1995,21284514
Nerve,2016,83707310
Appaloosa,2008,20211394
Psycho,1960,32000000
My Best Friend's Girl,2008,36620508
Endless Love,2014,34077920
Under the Rainbow,1981,2297493
Ladyhawke,1985,18432000
Simon Birch,1998,18253415
Reign Over Me,2007,22222308
Into the Wild,2007,56255142
School for Scoundrels,2006,17807569
Silent Hill: Revelation 3D,2012,52302796
From Dusk Till Dawn,1996,25836616
Home for the Holidays,1995,17519169
Kung Fu Hustle,2004,100914445
The Kite Runner,2007,73276047
21 Grams,2003,60427839
Paparazzi,2004,16605763
A Guy Thing,2003,17432163
Capitalism: A Love Story,2009,17436509
The Greatest Story Ever Told,1965,15473333
Secret in Their Eyes,2015,34854990
Disaster Movie,2008,14109284
Armored,2009,22942221
The Man Who Knew Too Little,1997,13801755
What's Your Number?,2011,30426096
Lockout,2012,32204030
Crank: High Voltage,2009,34560577
One Night with the King,2006,13391174
The Quiet American,2002,27674124
The Weather Man,2005,12482775
Undisputed,2002,12398628
12 Rounds,2009,17280326
Let Me In,2010,24145613
Triple 9,2016,12639297
Deconstructing Harry,1997,10686841
Burnt,2015,36606743
Death Sentence,2007,16974459
Superbabies: Baby Geniuses 2,2004,9109322
The Man,2005,12382362
Code Name: The Cleaner,2007,10337477
Connie and Carla,2004,11341016
Sweet Charity,1969,20000000
Inherent Vice,2014,11110975
Battle of the Year,2013,16549477
An American Carol,2008,7000000
Machete Kills,2013,15008161
Strange Wilderness,2008,6575282
Little Boy,2015,6420319
A Dangerous Method,2011,27462041
A Scanner Darkly,2006,7659918
Alone in the Dark,2005,10442808
Bandslam,2009,5210988
A Most Violent Year,2014,12007070
I'm Not There.,2007,4001121
The Cold Light of Day,2012,16863583
The Brothers Bloom,2008,5530764
Princess Mononoke,1997,159375308
The Proposition,2005,5048693
Marci X,2003,1675706
Equilibrium,2002,5359645
The Children of Huang Shi,2008,7400000
By the Sea,2015,3727746
Rapa Nui,1994,305070
CJ7,2008,47301471
Dylan Dog: Dead of Night,2011,4634062
The Tempest,2010,346594
Regression,2015,17671101
The Frozen Ground,2013,5496951
Dances with Wolves,1990,424208848
Bad Teacher,2011,216197492
Sea of Love,1989,110879513
A Cinderella Story,2004,70067909
Scream,1996,173046663
The Shining,1980,44017374
Back to the Future,1985,381109762
House on Haunted Hill,1999,40846082
The Switch,2010,49830607
Just Married,2003,101564935
The Devil's Double,2011,5728213
The Crazies,2010,54956140
Spirited Away,2001,274925095
The Bounty,1984,8613462
The Book Thief,2013,76586316
Sex Drive,2008,18755936
Leap Year,2010,29922472
The Fall of the Roman Empire,1964,4750000
Take Me Home Tonight,2011,6928068
Won't Back Down,2012,5310554
The Nutcracker,1993,2119994
The Amityville Horror,2005,108047131
Adaptation.,2002,32801173
Land of the Dead,2005,46770602
Fear and Loathing in Las Vegas,1998,10680275
The Invention of Lying,2009,31912793
Neighbors,2014,268157400
The Mask,1994,351583407
Big,1988,151668774
Borat: Cultural Learnings of America for Make Benefit Glorious Nation of Kazakhstan,2006,261572744
Legally Blonde,2001,141774679
Star Trek III: The Search for Spock,1984,87000000
The Exorcism of Emily Rose,2005,144216468
Deuce Bigalow: Male Gigolo,1999,65535067
Left Behind,2014,19682924
Barbershop 2:  Back in Business,2004,65070412
Bad Santa,2003,76488889
Austin Powers: International Man of Mystery,1997,67683989
My Big Fat Greek Wedding 2,2016,88923251
Diary of a Wimpy Kid: Rodrick Rules,2011,72417394
Predator,1987,98235548
Amadeus,1984,51973029
Prom Night,2008,14796236
Mean Girls,2004,129042871
Gosford Park,2001,87754044
Peggy Sue Got Married,1986,41382841
Birdman,2014,103215094
Blue Jasmine,2013,99206215
United 93,2006,76286096
Honey,2003,62646763
The Fog,1980,21378361
Soul Surfer,2011,47088990
Catch-22,1970,24911670
Observe and Report,2009,24007324
Conan the Destroyer,1984,100000000
Raging Bull,1980,23000000
Love Happens,2009,36133014
127 Hours,2010,35692920
Center Stage,2000,17200925
Love the Coopers,2015,24000000
Catch That Kid,2004,16702864
Steve Jobs,2015,34441873
The Legend of the Lone Ranger,1981,2945600
The Tailor of Panama,2001,28008462
Blow Out,1981,12000000
Getaway,2013,10501938
The Ice Storm,1997,8038061
And So It Goes,2014,25312387
Nine 1/2 Weeks,1986,6735922
Dragonslayer,1981,14110013
Ed Wood,1994,5887457
Labor Day,2013,20275812
Mongol: The Rise of Genghis Khan,2007,26527510
RockNRolla,2008,25739015
Mao's Last Dancer,2009,20719451
Midnight Special,2016,6212282
The Railway Man,2013,22309223
The Wraith,1986,3500000
Salton Sea,2002,676698
Metallica: Through the Never,2013,7972967
The Informers,2008,382174
Carlos,2010,871279
Day of the Dead,1985,34000000
Renaissance,2006,1831348
Red Sonja,1985,6948633
Red Lights,2012,13551174
Superbad,2007,121463226
Madea Goes to Jail,2009,90508336
Step Up 2: The Streets,2008,150816700
Hoodwinked!,2005,51053787
Hotel Rwanda,2004,38000000
Hitman,2007,99965753
Black Nativity,2013,7018189
The Prince,2014,266586800
Aliens,1986,183316455
My Fair Lady,1964,72070731
I Know What You Did Last Summer,1997,125586134
Let's Be Cops,2014,136621271
Sideways,2004,109502303
Beerfest,2006,19179969
Halloween,1978,70000000
The Best Man Holiday,2013,71625195
Smokin' Aces,2006,57103895
Saw: The Final Chapter,2010,136150434
A Night at the Roxbury,1998,30331165
Beastly,2011,43165571
The Hills Have Eyes,2006,69623713
"McFarland, USA",2015,45710059
ATL,2006,21170563
Pitch Perfect,2012,115350426
Summer Catch,2001,19693891
Brooklyn's Finest,2009,29536299
55 Days at Peking,1963,10000000
Evil Dead,2013,97542952
My Life in Ruins,2009,20455276
American Dreamz,2006,7314027
Superman IV: The Quest for Peace,1987,19300000
Running Scared,2006,9500000
The Illusionist,2006,86915017
Roar,1981,2000000
Veronica Guerin,2003,1569918
Escobar: Paradise Lost,2014,3758328
Southland Tales,2006,374743
Damnation Alley,1977,8720000
The Apparition,2012,9627492
Fur: An Imaginary Portrait of Diane Arbus,2006,2281089
Wall Street,1987,43848069
Sense and Sensibility,1995,135000000
Becoming Jane,2007,37311672
Sydney White,2007,13620075
House of Sand and Fog,2003,16942795
Dead Poets Society,1989,235860116
Dumb and Dumber,1994,247275374
When Harry Met Sally...,1989,92823546
The Verdict,1982,53977250
Road Trip,2000,119754278
The Artist,2011,133432856
The Unborn,2009,76514050
Moonrise Kingdom,2012,68263166
The Young Messiah,2016,6490401
Pan's Labyrinth,2006,83258226
Baby Boy,2001,29381649
The Roommate,2011,40492759
Joe Dirt,2001,30987695
Double Impact,1991,30102717
Hot Fuzz,2007,80573774
The Women,2008,50007546
Vicky Cristina Barcelona,2008,96408652
Boys and Girls,2000,20627372
Jennifer's Body,2009,31556061
Drowning Mona,2000,15427192
My Stepmother is an Alien,1988,13854000
Philadelphia,1993,206678440
The Thirteenth Floor,1999,18564088
The Cookout,2004,12
Detroit Rock City,1999,4217115
Highlander,1986,5900000
Things We Lost in the Fire,2007,2849142
Steel,1997,1686429
The Immigrant,2013,5867686
Trance,2013,24261569
Soul Plane,2004,14822346
Welcome to the Sticks,2008,53191886
Enter the Void,2009,754249
Hachi: A Dog's Tale,2009,47801389
The Homesman,2014,3442853
Slow Burn,2005,1237615
Beverly Hills Cop,1984,316360478
Home Alone,1990,476684675
Tootsie,1982,177200000
Top Gun,1986,356830601
"Crouching Tiger, Hidden Dragon",2000,213525736
American Beauty,1999,356296601
The King's Speech,2010,414211549
Twins,1988,216614388
The Yellow Handkerchief,2008,317000
The Color Purple,1985,146292009
Tidal Wave,2009,11301649
The Imitation Game,2014,233555708
Coal Miner's Daughter,1980,67182787
Diary of a Wimpy Kid,2010,75700498
Mama,2013,146497771
National Lampoon's Vacation,1983,61399552
Bad Grandpa,2013,151831537
The Queen,2006,123384128
Beetlejuice,1988,73326666
Why Did I Get Married?,2007,55184721
The Woman in Black,2012,127730736
When a Stranger Calls,2006,66966987
Big Fat Liar,2002,52970014
The Deer Hunter,1978,50000000
Wag the Dog,1997,64256513
The Lizzie McGuire Movie,2003,55534455
Snitch,2013,42930462
Krampus,2015,61548707
The Faculty,1998,40283321
Cop Land,1997,44862187
Not Another Teen Movie,2001,66468332
End of Watch,2012,48126384
The Skulls,2000,35007180
The Theory of Everything,2014,123726688
Where the Heart Is,2000,33771174
Lawrence of Arabia,1962,69995385
Halloween II,2009,39421467
Wild,2014,52501541
The Last House on the Left,2009,32721635
The Wedding Date,2005,47175038
Halloween: Resurrection,2002,37664855
The Princess Bride,1987,30857814
The Great Debaters,2007,30226144
Drive,2011,78054825
Confessions of a Teenage Drama Queen,2004,29331068
The Object of My Affection,1998,46905889
28 Weeks Later,2007,64238440
When the Game Stands Tall,2014,30127963
Because of Winn-Dixie,2005,32645546
Love & Basketball,2000,27728118
Grosse Pointe Blank,1997,28084357
All About Steve,2009,40105542
The Craft,1996,24769466
Match Point,2005,85306374
The Remains of the Day,1993,23237911
Boogie Nights,1997,43101594
Flicka,2006,21000000
Urban Legends: Final Cut,2000,38574362
The Marine,2006,22165608
Keanu,2016,20566327
Country Strong,2010,20529194
Disturbing Behavior,1998,17507368
The Place Beyond the Pines,2013,35485608
The November Man,2014,32556119
The Hurt Locker,2008,42000000
Firestarter,1984,17080167
Killing Them Softly,2012,37930465
A Most Wanted Man,2014,31554855
U2 3D,2007,22730842
Highlander: Endgame,2000,15843608
One Day,2011,59389433
Whip It,2009,16633035
Knockaround Guys,2001,12000000
The Man with the Iron Fists,2012,15608545
Home Fries,1998,10443316
Raise Your Voice,2004,14867514
The Big Lebowski,1998,46189568
Black Snake Moan,2006,10903846
Dark Blue,2002,9237470
A Mighty Heart,2007,18928871
Whatever It Takes,2000,9902115
Boat Trip,2002,8586376
In Bruges,2008,34533783
The Rocker,2008,8762890
Post Grad,2009,6405245
Promised Land,2012,8138788
Whatever Works,2009,35097815
The In Crowd,2000,5217498
The Three Burials of Melquiades Estrada,2005,12036149
Kiss Kiss Bang Bang,2005,15785148
Idle Hands,1999,4152230
Mulholland Drive,2001,20117339
Never Let Me Go,2010,9455232
Transsiberian,2008,5926410
Funny Games,2007,7938872
Metropolis,1927,650422
District B13,2004,9584131
Things to Do in Denver When You're Dead,1995,529766
The Assassin,2015,632542
Ong Bak 2,2008,8936663
Centurion,2010,6814789
Silent Trigger,1996,76382
The Midnight Meat Train,2008,3533227
All The Queen's Men,2001,23000
The Good Night,2007,20380
Khumba,2013,27187375
Groundhog Day,1993,70906973
Magic Mike XXL,2015,122513057
Romeo + Juliet,1996,147298761
Sarah's Key,2010,17511906
Unforgiven,1992,159157447
Manderlay,2005,674918
Slumdog Millionaire,2008,377910544
Fatal Attraction,1987,320145693
Pretty Woman,1990,463000000
Crocodile Dundee II,1988,239606210
Born on the Fourth of July,1989,161001698
Cool Runnings,1993,154864401
My Bloody Valentine,2009,100734718
Stomp the Yard,2007,75511123
The Spy Who Loved Me,1977,185438673
Urban Legend,1998,72527595
White Fang,1991,34793160
The Iron Lady,2011,114956699
Poetic Justice,1993,27515786
All About the Benjamins,2002,25482931
Vampire in Brooklyn,1995,19800000
Exorcist II: The Heretic,1977,30749142
A Perfect Getaway,2009,22852638
Our Family Wedding,2010,21409028
Tea with Mussolini,1999,21001563
I Think I Love My Wife,2007,13196245
Jason X,2001,16951798
Head Over Heels,2001,10424470
Fun Size,2012,11417362
The Diving Bell and the Butterfly,2007,19777647
Little Children,2006,14821658
Gossip,2000,5108820
Catch a Fire,2006,4291965
Jefferson in Paris,1995,2474000
Mr. Turner,2014,5405500
Margaret,2011,46495
Flipped,2010,1755212
Brokeback Mountain,2005,178043761
Far from Heaven,2002,29027914
Hot Tub Time Machine 2,2015,12314651
Quills,2000,7060876
Seven Psychopaths,2012,19422261
Downfall,2004,92180910
The Sea Inside,2004,38535221
Under the Skin,2014,5380251
"Good Morning, Vietnam",1987,123922370
The Last Godfather,2010,16700000
Justin Bieber: Never Say Never,2011,98441954
Black Swan,2010,327803731
The Godfather: Part II,1974,47542841
Save the Last Dance,2001,91038276
A Nightmare on Elm Street 4: The Dream Master,1988,72500000
Miracles from Heaven,2016,77000000
"Dude, Where’s My Car?",2000,73180723
Young Guns,1988,44726644
St. Vincent,2014,54837234
About Last Night,2014,49002684
10 Things I Hate About You,1999,53478166
The Shallows,2016,119100758
The Butterfly Effect,2004,96060858
Baby Geniuses,1999,36450736
The Big Hit,1998,27007143
Child's Play 2,1990,35763605
No Good Deed,2014,53830415
The Mist,2007,57096190
Ex Machina,2015,36869414
Being John Malkovich,1999,22863596
Earth to Echo,2014,45300000
Crazy/Beautiful,2001,16929123
Letters from Iwo Jima,2006,68673228
The Astronaut Farmer,2006,11130889
Woo,1998,8026971
Room,2015,35401758
Serial Mom,1994,7820688
Dick,1999,27500000
54,1998,16757163
21 & Over,2013,48065672
"Paris, je t'aime",2006,4857367
Admission,2013,18000000
Chloe,2009,8459458
Faithful,1996,9789900
Find Me Guilty,2006,2636637
The Perks of Being a Wallflower,2012,33400000
Excessive Force,1993,1200000
Infamous,2006,1151330
The Vatican Tapes,2015,1784763
Attack the Block,2011,3964682
In the Land of Blood and Honey,2011,303877
The Call,2013,68572378
The Crocodile Hunter: Collision Course,2002,33082548
I Love You Phillip Morris,2009,10652035
Quest for Fire,1981,55260558
Antwone Fisher,2002,23367586
True Romance,1993,12281551
Glengarry Glen Ross,1992,10725228
Sorority Row,2009,27206120
Lars and the Real Girl,2007,11293663
The Boy in the Striped Pyjamas,2008,20416563
Dancer in the Dark,2000,40031879
The Funeral,1996,1227324
Solitary Man,2009,5024782
Machete,2010,31327899
Casino Jack,2010,1083683
The Land Before Time,1988,84460846
Tae Guk Gi: The Brotherhood of War,2004,15
The Perfect Game,2010,3878993
The Exorcist,1973,441306145
Jaws,1975,470654000
American Pie,1999,235483004
Ernest & Celestine,2012,8109160
The Golden Child,1986,79817939
Think Like a Man,2012,96070507
Barbershop,2002,75781642
Star Trek II: The Wrath of Khan,1982,96800000
Ace Ventura: Pet Detective,1994,107217396
WarGames,1983,79567667
Witness,1985,68706993
Act of Valor,2012,81272766
Step Up,2006,114194847
Jackie Brown,1997,39673162
Harold & Kumar Escape from Guantanamo Bay,2008,43493123
Chronicle,2012,145000000
Yentl,1983,30400000
Time Bandits,1981,42365581
Crossroads,2002,61141030
Project X,2012,100000000
Patton,1970,89800000
One Hour Photo,2002,52223306
Quarantine,2008,40855419
The Eye,2008,56309766
Johnson Family Vacation,2004,31179516
How High,2001,31155435
The Muppet Christmas Carol,1992,27281507
Frida,2002,56298474
Katy Perry: Part of Me,2012,32726956
The Fault in Our Stars,2014,307166834
Rounders,1998,22921898
Top Five,2014,25434291
Prophecy,1979,54000000
Stir of Echoes,1999,21133087
Philomena,2013,100129872
Aquamarine,2006,23006849
Paper Towns,2015,85512300
My Baby's Daddy,2004,51
Nebraska,2013,17654912
Max Keeble's Big Move,2001,17292381
Young Adult,2011,22939027
Crank,2006,42931041
Def Jam's How to Be a Player,1997,13960203
Living Out Loud,1998,12902790
Just Wright,2010,21520719
Girl with a Pearl Earring,2003,31466789
Das Boot,1981,85000000
About Time,2013,87100449
House of Flying Daggers,2004,92863945
Arbitrage,2012,35485056
Project Almanac,2015,32248241
Fortress,1992,6739141
For Your Consideration,2006,5542025
Running with Scissors,2006,6754898
From Justin to Kelly,2003,4922166
Girl 6,1996,4939939
In the Cut,2003,23
Two Lovers,2008,3148182
The Host,2006,88489643
The Great Beauty,2013,8371085
Stoker,2013,12077441
2046,2004,19271312
Ondine,2009,1644755
Brother,2000,15250000
City of Life and Death,2009,10652498
Legend of a Rabbit,2011,2570000
Space Battleship Yamato,2010,11212294
5 Days of War,2011,17479
Heaven is for Real,2014,101332962
Snatch,2000,83557872
Pet Sematary,1989,57469467
Gremlins,1984,153083102
Star Wars,1977,775398007
Dirty Grandpa,2016,94073028
Doctor Zhivago,1965,111858363
The Fighter,2010,93617009
Jackass Number Two,2006,72778712
My Cousin Vinny,1992,64088552
If I Stay,2014,78874843
Major League,1989,49797148
Phone Booth,2002,97837138
A Walk to Remember,2002,41227069
Dead Man Walking,1995,39363635
Cruel Intentions,1999,75902208
Saw VI,2009,68233629
History of the World: Part I,1981,31672907
The Secret Life of Bees,2008,38105395
Corky Romano,2001,23978402
Raising Cain,1992,37170057
F.I.S.T.,1978,11
Invaders from Mars,1986,4884663
Brooklyn,2015,62076141
Barry Lyndon,1975,20000000
Out Cold,2001,14782676
The Ladies Man,2000,13700000
Quartet,2012,59520298
Tomcats,2001,23430766
Frailty,2001,13110448
Woman in Gold,2015,61619773
Slackers,2002,6413915
What's Eating Gilbert Grape,1993,30000000
The Visual Bible: The Gospel of John,2003,4069090
The Perez Family,1995,2832826
Inside Llewyn Davis,2013,32935319
O,2001,16017403
Return to the Blue Lagoon,1991,2807854
The Molly Maguires,1970,2200000
Romance & Cigarettes,2005,2945242
Saw V,2008,113857533
Kabhi Alvida Naa Kehna,2006,17000000
An Ideal Husband,1999,18535191
2001: A Space Odyssey,1968,68700000
E.T. the Extra-Terrestrial,1982,792910554
In the Land of Women,2007,17500000
There Goes My Baby,1994,123509
For Greater Glory - The True Story of Cristiada,2012,9622846
Good Will Hunting,1997,225933435
Saw III,2006,163876815
Stripes,1981,85300000
Bring It On,2000,90449929
The Purge: Election Year,2016,118587880
She's All That,1999,103166989
Saw IV,2007,139352633
White Noise,2005,91196419
Madea's Family Reunion,2006,57231524
The Color of Money,1986,52293982
The Longest Day,1962,50100000
The Mighty Ducks,1992,50752337
The Grudge,2004,183474602
Happy Gilmore,1996,41205099
Jeepers Creepers,2001,59217789
Bill & Ted's Excellent Adventure,1989,40485039
Oliver!,1968,37402877
The Best Exotic Marigold Hotel,2011,136836156
Recess: School's Out,2001,44460850
Mad Max Beyond Thunderdome,1985,36230219
Commando,1985,57500000
The Boy,2016,64188367
Devil,2010,33583175
Friday After Next,2002,33526835
Insidious: Chapter 3,2015,104303851
The Last Dragon,1985,25754284
The Lawnmower Man,1992,32101000
Nick and Norah's Infinite Playlist,2008,32973937
Dogma,1999,30652890
Twilight Zone: The Movie,1983,29450919
Road House,1989,30050028
A Low Down Dirty Shame,1994,29392418
Swimfan,2002,34411240
Employee of the Month,2006,38368909
Can't Hardly Wait,1998,25605015
The Outsiders,1983,33697647
Pete's Dragon,2016,143695338
The Dead Zone,1983,20766616
Sinister 2,2015,52882018
Sparkle,2012,24637469
The Fourth Kind,2009,42333295
Rushmore,1998,17096053
Skyline,2010,66821036
The Second Best Exotic Marigold Hotel,2015,85978266
Mo' Better Blues,1990,16153593
Tremors,1990,48572000
Wrong Turn,2003,28650575
The Long Riders,1980,15795189
The Corruptor,1999,15156200
Mud,2013,21587700
Reno 911!: Miami,2007,20342161
My Week with Marilyn,2011,35057696
The Matador,2005,17297244
The Gift,2015,58978653
Office Space,1999,12827813
Drop Dead Gorgeous,1999,10571408
Big Eyes,2014,28883511
Very Bad Things,1998,9898412
Body Double,1984,8801940
MacGruber,2010,6110000
Movie 43,2013,32438988
Seeking a Friend for the End of the World,2012,9636289
Cedar Rapids,2011,6861102
American History X,1998,23875127
The Collection,2012,6842058
The Red Violin,1998,9495408
Bad Words,2013,7800000
"Run, Fatboy, Run",2007,33000000
Heartbeeps,1981,2154696
Black or White,2014,21571189
Rescue Dawn,2006,7177143
Danny Collins,2015,10835752
"Jeff, Who Lives at Home",2011,4417580
Romeo Is Bleeding,1993,3275585
The Limey,1999,3193102
Crash,2004,98410061
The House of Mirth,2000,5164404
The Forest,2016,40055439
Sphinx,1981,439564
While We're Young,2015,7587485
A Better Life,2011,1759252
Gun Shy,2000,1631839
The Iceman,2012,1969193
Killer Joe,2011,3665069
The Joneses,2009,7022728
My Blueberry Nights,2007,21786738
Swept Away,2002,598645
"War, Inc.",2008,1296184
Shaolin Soccer,2001,42776760
Coriolanus,2011,1072602
World's Greatest Dad,2009,295750
Welcome to the Rileys,2010,42145
Police Academy: Mission to Moscow,1994,126247
"An Alan Smithee Film: Burn, Hollywood, Burn",1998,45779
Free Style,2008,140987
Strangerland,2015,17472
Janky Promoters,2009,9069
Of Horses and Men,2013,11
Nurse 3-D,2013,10000000
Adventureland,2009,17164377
The Lost City,2005,4386236
Next Friday,2000,59827328
You Only Live Twice,1967,111584787
Amour,2012,19839492
Poltergeist III,1988,14144000
"It's a Mad, Mad, Mad, Mad World",1963,60000000
Volver,2006,85582407
Melancholia,2011,21817298
Alien,1979,104931801
The Texas Chain Saw Massacre,1974,30859000
The Runaways,2010,2995811
Fiddler on the Roof,1971,83304330
Thunderball,1965,141195658
Loose Cannons,2010,8220215
Set It Off,1996,41590886
The Best Man,1999,34573780
Child's Play,1988,44196684
Sicko,2007,24538513
The Purge: Anarchy,2014,108782847
Harold & Kumar Go to White Castle,2004,23936908
Boiler Room,2000,28780255
Trading Places,1983,90400000
Black Christmas,2006,21510851
Chasing Papi,2003,6126237
The Way of the Gun,2000,19125401
Igby Goes Down,2002,4777465
PCU,1994,4350774
Gracie,2007,2955039
Velvet Goldmine,1998,1053788
Glee: The Concert Movie,2011,18663238
Barbecue,2014,14348529
Princess Kaiulani,2010,771499
Opal Dream,2006,140666
Undiscovered,2005,1046166
Crocodile Dundee,1986,328203506
Polisse,2011,20374201
Awake,2007,14373825
The Lost Boys,1987,32222567
Crazy Heart,2009,39462438
The Rose,1979,29174648
Baggage Claim,2013,22456509
Barbarella,1968,2500000
The Namesake,2006,20138836
The DUFF,2015,43528634
Glitter,2001,5271666
Bright Star,2009,4440055
My Name Is Khan,2010,42345360
All Is Lost,2013,6108720
Limbo,1999,1997807
The Wind That Shakes the Barley,2006,22889018
Yeh Jawaani Hai Deewani,2013,46000000
Quo Vadis,1951,30000000
Repo! The Genetic Opera,2008,188126
Pulp Fiction,1994,213928762
The Muppet Movie,1979,76657000
Nightcrawler,2014,38697217
Club Dread,2004,5001655
The Sound of Music,1965,286214286
Splash,1984,69821334
Little Miss Sunshine,2006,100523181
Stand by Me,1986,52287414
28 Days Later,2002,82719885
Escape from Alcatraz,1979,43000000
Brown Sugar,2002,27362712
50/50,2011,39187783
That Awkward Moment,2014,26049082
On Her Majesty's Secret Service,1969,81974493
New Nightmare,1994,18090181
Drive Me Crazy,1999,22593409
Akeelah and the Bee,2006,18948425
Half Baked,1998,17460020
New in Town,2009,29010817
American Psycho,2000,34266564
The Good Girl,2002,16856124
Bon Cop Bad Cop,2006,12671300
The Boondock Saints II: All Saints Day,2009,10629321
Enough Said,2013,25288872
Easy A,2010,74952305
The Inkwell,1994,8880705
Shadow of the Vampire,2000,8279017
Prom,2011,10130000
Howards End,1992,25966555
Anomalisa,2015,5659286
Another Year,2010,18124262
Showdown in Little Tokyo,1991,2275557
It's Kind of a Funny Story,2010,6491240
When Did You Last See Your Father?,2007,92
Prefontaine,1997,589304
Begin Again,2013,63464861
Down in the Valley,2005,852872
Brooklyn Rules,2007,458232
Fido,2006,426224
Wild Target,2010,3453043
10th & Wolf,2006,143451
Aloft,2014,53086
Akira,1988,553171
The Death and Life of Bobby Z,2007,413454
The Rocket: The Legend of Rocket Richard,2005,2019009
Imagine Me & You,2005,2455831
Swimming Pool,2003,22441323
The Blood of Heroes,1989,882290
Driving Miss Daisy,1989,145793296
Rumble in the Bronx,1995,32392047
Thank You for Smoking,2005,24793509
Hostel: Part II,2007,35619521
An Education,2009,26096852
Shopgirl,2005,11588205
Narc,2002,12633747
Men with Brooms,2002,4245870
The Work and the Glory,2004,3347647
Extract,2009,10848783
Albert Nobbs,2011,5634828
The Wave,2008,19000000
The Neon Demon,2016,1333124
Harry Brown,2009,10329747
The Omega Code,1999,2400000
Juno,2007,231411584
Diamonds Are Forever,1971,116019547
The Godfather,1972,245066411
Flashdance,1983,92921203
(500) Days of Summer,2009,60722734
The Piano,1993,116700000
Magic Mike,2012,167221571
Live and Let Die,1973,161777836
"Definitely, Maybe",2008,55447968
Jumping the Broom,2011,37710610
"Good Night, and Good Luck.",2005,54600000
Capote,2005,49084830
Desperado,1995,25405445
Logan's Run,1976,25000000
The Man with the Golden Gun,1974,97572000
Action Jackson,1988,20256975
Michael Jordan to the Max,2000,21268532
Devil's Due,2014,36433975
Flirting with Disaster,1996,14702438
Dope,2015,17986781
In Too Deep,1999,14011454
House of 1000 Corpses,2003,16829545
A Serious Man,2009,31430334
Beyond the Lights,2014,14618727
The Last Temptation of Christ,1988,8373585
Outside Providence,1999,7292175
Split Second,1992,5
The Other Side of Heaven,2001,4720371
Veer-Zaara,2004,29385320
Auto Focus,2002,2062066
We Need to Talk About Kevin,2011,6038942
Losin' It,1983,1246141
I Hope They Serve Beer in Hell,2009,1429299
Hesher,2010,382946
Dom Hemingway,2013,523511
Freeheld,2015,573335
The Extra Man,2010,453079
Hard to Be a God,2013,1310673
Ca$h,2010,46488
The Boondock Saints,1999,30471
The Snow Queen,2012,12400000
Pale Rider,1985,41410568
Stargate: The Ark of Truth,2008,8900000
Dazed and Confused,1993,7993039
High School Musical 2,2007,7000000
House at the End of the Street,2012,44287131
Incendies,2010,7103838
Annabelle,2014,255273813
Bran Nue Dae,2009,7
Boyz n the Hood,1991,57504069
La Bamba,1987,54215416
Dressed to Kill,1980,31899000
Go,1999,28451622
Friends with Money,2006,13368437
The Andromeda Strain,1971,12376563
Bats,1999,10
Shame,2011,17693675
Layer Cake,2004,11850214
The Work and the Glory II: American Zion,2005,2025032
The East,2013,2401510
A Home at the End of the World,2004,1548955
The Messenger,2009,1521261
Control,2007,8159508
The Terminator,1984,78371200
"Good bye, Lenin!",2003,79384880
The Return of the Living Dead,1985,14237000
Mallrats,1995,2122561
Grease,1978,181813770
Platoon,1986,138530565
Fahrenheit 9/11,2004,119114517
Butch Cassidy and the Sundance Kid,1969,102308889
Mary Poppins,1964,102272727
West Side Story,1961,43656822
Caddyshack,1980,39846344
The Wood,1999,25059640
The Usual Suspects,1995,23341568
A Nightmare on Elm Street 5: The Dream Child,1989,22168359
National Lampoon’s Van Wilder,2002,38275483
The Wrestler,2008,44703995
Duel in the Sun,1946,20400000
Escape from New York,1981,50244700
Daddy Day Camp,2007,18197398
Mr. Nice Guy,1997,18814720
A Mighty Wind,2003,18750246
Sliding Doors,1998,58000000
Tales from the Hood,1995,12000000
The Last King of Scotland,2006,48027970
Halloween 5: The Revenge of Michael Myers,1989,11642254
Bernie,2012,9206470
Dolphins and Whales: Tribes of the Ocean,2008,7518876
200 Cigarettes,1999,6852450
The Words,2012,13231461
City Island,2009,6670712
The Guard,2011,19560274
College,2008,6230276
The Virgin Suicides,1999,10409377
Wish I Was Here,2014,5483299
Simply Irresistible,1999,4398989
Only the Strong,1993,3283371
Shattered Glass,2003,2944752
Novocaine,2001,2025238
The Wild Bunch,1969,638641
The Wackness,2008,2899975
Beastmaster 2: Through the Portal of Time,1991,869325
The 5th Quarter,2011,399611
Snow Flower and the Secret Fan,2011,1332231
"Surfer, Dude",2008,69497
Lake of Fire,2006,25
Deadfall,2012,66351
Videodrome,1983,2120439
The Spanish Apartment,2002,3897799
Song One,2014,32251
Winter in Wartime,2008,530048
The Train,1964,6800000
The Protector,2005,27165581
Bend It Like Beckham,2002,76578641
Crossover,2006,7000000
Khiladi 786,2012,126
[REC]²,2009,18469680
Standing Ovation,2010,531826
The Sting,1973,159616327
Chariots of Fire,1981,58972904
High Plains Drifter,1973,15700000
Galaxina,1980,4865000
Mambo Italiano,2003,3031801
Wonderland,2003,2466444
Do the Right Thing,1989,37295445
Irreversible,2002,792
Rang De Basanti,2006,11502151
Headhunters,2011,15699707
Miss Julie,2014,5000000
Saw II,2005,152925093
10 Cloverfield Lane,2016,108286421
Jackass: The Movie,2002,64282312
Lights Out,2016,44107032
Paranormal Activity 3,2011,205703818
Ouija,2014,103590271
A Nightmare on Elm Street 3: Dream Warriors,1987,44793222
Instructions Not Included,2013,99067206
Paranormal Activity 4,2012,142817992
The Robe,1953,36000000
The Return of the Pink Panther,1975,41833347
Freddy's Dead: The Final Nightmare,1991,34872033
Monster,2003,60378584
"20,000 Leagues Under the Sea",1954,28200000
Paranormal Activity: The Marked Ones,2014,86362372
The Elephant Man,1980,26010864
Dallas Buyers Club,2013,55198285
The Lazarus Effect,2015,64110728
Memento,2000,39723096
Oculus,2013,44030246
Clerks II,2006,26888376
Billy Elliot,2000,110000000
The Way Way Back,2013,23198652
The Man from Snowy River,1982,20659423
Our Idiot Brother,2011,17273593
Race,2016,24804129
"As Above, So Below",2014,40100000
Still Alice,2014,43884652
The Egyptian,1954,15000000
Nighthawks,1981,19905359
Friday the 13th Part VIII: Jason Takes Manhattan,1989,14000000
My Big Fat Greek Wedding,2002,368744044
Spring Breakers,2013,31724284
Halloween: The Curse of Michael Myers,1995,15116634
Y Tu Mamá También,2001,33616692
Shaun of the Dead,2004,30039392
Lone Star,1996,13269963
Halloween 4: The Return of Michael Myers,1988,17768757
Lone Wolf McQuade,1983,12232628
Apollo 18,2011,25562924
Sunshine Cleaning,2008,16174377
No Escape,2015,54418872
The Beastmaster,1982,14056528
Solomon and Sheba,1959,12200000
Fifty Shades of Black,2016,21164799
A Farewell to Arms,1932,25
The Barbarian Invasions,2003,3432342
Force 10 from Navarone,1978,7230000
Grandma's Boy,2006,6538177
Once Upon a Time in the West,1968,5321508
Made,2001,5476060
Moon,2009,9760104
Sea Rex 3D: Journey to a Prehistoric World,2010,4074023
The Sweet Hereafter,1997,3263585
Of Gods and Men,2010,41424067
Bottle Shock,2008,4040588
Heavenly Creatures,1994,3049135
90 Minutes in Heaven,2015,4842699
Everything Must Go,2010,2614773
Zero Effect,1998,1980338
The Machinist,2004,8203235
Kill the Messenger,2014,2450846
Rabbit Hole,2010,5129058
Party Monster,2003,742898
Green Room,2016,3220371
Atlas Shrugged Part III: Who is John Galt?,2014,846704
Bottle Rocket,1996,560069
Tucker and Dale vs Evil,2010,5476793
The Visit,2015,98450062
Redacted,2007,782102
Soul Kitchen,2009,17872796
Sling Blade,1996,24475416
The Awakening,2011,209696
Hostel,2005,80578934
Take Shelter,2011,3099314
The Texas Chainsaw Massacre 2,1986,8025872
Pat Garrett & Billy the Kid,1973,11000000
Only God Forgives,2013,10337387
Police Academy,1984,146198896
The Blue Lagoon,1980,58853106
Four Weddings and a Funeral,1994,254700832
Fast Times at Ridgemont High,1982,27092880
Moby Dick,1956,10400000
25th Hour,2002,13060843
Bound,1996,7011317
Requiem for a Dream,2000,7390108
Moms' Night Out,2014,10429707
Donnie Darko,2001,1270522
Life During Wartime,2009,744816
Sympathy for Lady Vengeance,2005,23803308
Blackthorn,2011,623528
After.Life,2010,3606395
One Flew Over the Cuckoo's Nest,1975,108981275
Airlift,2016,32000000
The Sweeney,2012,6294161
Whale Rider,2003,41400000
Night Watch,2004,32000000
The Crying Game,1992,62548947
Porky's,1981,125728258
Night of the Living Dead,1968,30000000
Lost in Translation,2003,119723856
Annie Hall,1977,38251425
The Greatest Show on Earth,1952,36000000
Monster's Ball,2001,44909486
Maggie,2015,187112
Leaving Las Vegas,1995,49800000
The Boy Next Door,2015,52425855
Trapeze,1956,14400000
The Kids Are All Right,2010,34705850
They Live,1988,13008928
The Great Escape,1963,11744471
What the #$*! Do We (K)now!?,2004,10000000
The Last Exorcism Part II,2013,15179302
Boyhood,2014,44349000
Scoop,2006,31584901
The Wash,2001,10229331
3 Strikes,2000,9000000
The Misfits,1961,8200000
The Orphanage,2007,44000000
Topaz,1969,6000000
Let's Go to Prison,2006,4630045
Four Rooms,1995,4300000
Secretary,2002,9304609
Talk Radio,1988,3468572
You Kill Me,2007,2426851
Thumbsucker,2005,1919197
Red State,2011,1104682
Mirrormask,2005,866999
The Art of Getting By,2011,1406224
Holy Motors,2012,641100
Joe,2014,2365467
Shooting Fish,1997,302204
Prison,1988,354704
Trust,2010,120000
Adore,2013,318982
Mondays in the Sun,2002,146402
Stake Land,2010,33245
Another Happy Day,2011,355688
A Lonely Place to Die,2011,25345000
The Geographer Drank His Globe Away,2013,4037782
Hell's Angels,1930,8000000
A Man for All Seasons,1966,28350000
Network,1976,23689877
Gone with the Wind,1939,400176459
Major Dundee,1965,14873
Annie Get Your Gun,1950,8000000
Four Lions,2010,4270000
Defendor,2009,44462
The Pirate,1948,2956000
The History Boys,2006,13401952
Midnight Cowboy,1969,44785053
The Full Monty,1997,257850122
Airplane!,1980,83453539
Friday,1995,28215918
Menace II Society,1993,27900000
Creepshow 2,1987,14000000
The Ballad of Cable Hogue,1970,5000000
In Cold Blood,1967,13007551
The Nun's Story,1959,12800000
Harper,1966,12000000
Frenzy,1972,12600000
The Witch,2016,40423945
She's the One,1996,9482579
Gods and Monsters,1998,6451628
The Secret in Their Eyes,2009,33965843
Evil Dead II,1987,5923044
Troll Hunter,2010,4159678
Winter Passing,2006,113783
High Anxiety,1977,31063038
March of the Penguins,2005,127392239
Margin Call,2011,19504039
Choke,2008,3830137
Whiplash,2014,13092000
City of God,2002,30641770
Human Traffic,1999,4000000
The Hunt,2012,16800000
A Christmas Story,1983,19294144
The Opposite Sex,2014,45000
Dreaming of Joseph Lees,1999,7
The Class,2008,28814580
Rosemary's Baby,1968,33395426
The Man Who Shot Liberty Valance,1962,8000000
Adam,2009,2277396
Beginners,2010,5332926
Feast,2005,658573
Animal House,1978,141000000
Goldfinger,1964,124881062
It's a Wonderful Life,1946,9644124
Trainspotting,1996,16491080
Paranormal Activity 2,2010,177512032
Bowling for Columbine,2002,35564473
A Nightmare on Elm Street Part 2: Freddy's Revenge,1985,29999213
A Room with a View,1985,20966644
The Purge,2013,89328627
Sinister,2012,77712439
Martin Lawrence Live: Runteldat,2002,19184015
Cat on a Hot Tin Roof,1958,17570324
Beneath the Planet of the Apes,1970,18999718
Air Bud,1997,23144499
Pokémon: Spell of the Unknown,2000,68411275
Friday the 13th Part VI: Jason Lives,1986,19472057
The Bridge on the River Kwai,1957,33300000
Spaced Invaders,1990,15369573
Family Plot,1976,7900000
The Apartment,1960,25000000
Jason Goes to Hell: The Final Friday,1993,15938065
Torn Curtain,1966,13000000
Dave Chappelle's Block Party,2005,11718595
Slow West,2015,229094
Elmer Gantry,1960,10400000
Judgment at Nuremberg,1961,10000000
Trippin',1999,9016377
Red River,1948,9012000
Before Midnight,2013,11176469
Phantasm II,1988,7282851
Woman Thou Art Loosed,2004,6804016
Water,2005,10422387
East Is East,1999,28200000
Kama Sutra - A Tale of Love,1996,4109095
Willy Wonka & the Chocolate Factory,1971,4000000
Jawbreaker,1999,3076820
Basquiat,1996,3011195
Frances Ha,2013,4069826
Tsotsi,2005,9879971
Happiness,1998,2807390
Tusk,2014,1826705
Oldboy,2003,14980005
Hobo with a Shotgun,2011,748453
Fish Tank,2009,2357852
Bachelorette,2012,11947954
The Divide,2011,22000
Demonic,2015,3387000
Point Blank,1967,3200000
Central Station,1998,5596708
Pocketful of Miracles,1961,5000000
Freakonomics,2010,103735
Hustle & Flow,2005,23563727
Some Like It Hot,1959,25000000
Friday the 13th Part VII: The New Blood,1988,19170001
The Wizard of Oz,1939,33754967
Young Frankenstein,1974,86273333
Diary of the Dead,2007,5364858
The Black Stallion,1979,37799643
Donovan's Reef,1963,6600000
A Guy Named Joe,1944,5363000
Blazing Saddles,1974,119500000
Friday the 13th: The Final Chapter,1984,32980880
Ida,2013,10700000
Riding Giants,2004,3166000
Timecrimes,2007,553198
Singin' in the Rain,1952,7200000
A Haunted House,2013,60141683
2016: Obama's America,2012,33400000
That Thing You Do!,1996,34585416
Halloween III: Season of the Witch,1982,14400000
Escape from the Planet of the Apes,1971,12348905
Hud,1963,10000000
Kevin Hart: Let Me Explain,2013,32230907
Garden State,2004,26781723
Before Sunrise,1995,5535405
Robot & Frank,2012,3325038
My Life Without Me,2003,9726954
The Spectacular Now,2013,6854611
Eye of the Dolphin,2007,71904
Sleep Dealer,2008,107559
Super,2010,324138
Get on the Bus,1996,5731103
Idiocracy,2006,495303
This Is England,2006,8176544
Bathing Beauty,1944,6892000
"Dancer, Texas Pop. 81",1998,565592
Show Boat,1951,11000000
Fantasia,1940,83320000
Friday the 13th Part III,1982,36690067
Friday the 13th: A New Beginning,1985,21930418
The Valley of Decision,1945,9132000
The Best Years of Our Lives,1946,23650000
Bully,2001,480811
Mi America,2015,3330
[REC],2007,30448000
From Russia with Love,1963,78898765
Sleeper,1973,18344729
It Follows,2015,14674076
Everything You Always Wanted to Know About Sex *But Were Afraid to Ask,1972,18016290
To Kill a Mockingbird,1962,13129846
Mad Max 2: The Road Warrior,1981,24600832
Boys Don't Cry,1999,11540607
Silent House,2011,13101672
The Lives of Others,2006,70000000
Courageous,2011,34522221
The Hustler,1961,7600000
Boom Town,1940,9172000
The Triplets of Belleville,2003,1477676
American Splendor,2003,6003587
Before Sunset,2004,15992615
Amores perros,2000,20908467
Thirteen,2003,4601043
Gentleman's Agreement,1947,7800000
Winter's Bone,2010,13831503
Touching the Void,2003,13885802
Alexander's Ragtime Band,1938,4000000
Inside Job,2010,7871522
We Are Your Friends,2015,11122090
Harsh Times,2005,5967038
Captive,2015,2801508
Full Frontal,2002,2506446
Shortbus,2006,5179037
Waltz with Bashir,2008,11125849
"The Book of Mormon Movie, Volume 1: The Journey",2003,1672730
No End in Sight,2007,1431623
The Diary of a Teenage Girl,2015,1477002
Meek's Cutoff,2010,876302
Inside Deep Throat,2005,653621
The Virginity Hit,2010,563706
Subway,1985,390659
Six-String Samurai,1998,124494
It's All Gone Pete Tong,2004,120620
Saint John of Las Vegas,2009,111731
Stonewall,2015,187674
Roadside Romeo,2008,1100000
Return of the Living Dead 3,1993,54207
Sherrybaby,2006,622806
Eden Lake,2008,3983997
Stitches,2012,95000
Bananas,1971,11833696
Buried,2010,19152480
Submarine,2011,864659
ABCD (Any Body Can Dance),2013,222000
Man on Wire,2008,2957978
The Last Exorcism,2010,67738090
A Streetcar Named Desire,1951,8000000
Dr. Strangelove or: How I Learned to Stop Worrying and Love the Bomb,1964,9440272
Beasts of the Southern Wild,2012,21107746
Battle for the Planet of the Apes,1973,8844595
Higher Ground,2011,841733
The Greatest Movie Ever Sold,2011,621951
Hang 'em High,1968,6800000
Run Lola Run,1998,7267585
May,2002,150277
Under the Same Moon,2008,23311391
Conquest of the Planet of the Apes,1972,9700000
I Spit on Your Grave,2010,572809
"Happy, Texas",1999,1943649
The Lunchbox,2013,4235151
You Can't Take It With You,1938,7433101
From Here to Eternity,1953,30500000
She Wore a Yellow Ribbon,1949,5400000
Foolish,1999,6033999
N-Secure,2010,2592808
The Conversation,1974,4420000
Waitress,2007,22179430
Bloodsport,1988,11806119
Mr. Smith Goes to Washington,1939,9600000
Kids,1995,7412216
The Squid and the Whale,2005,11098131
Kissing Jessica Stein,2001,10013424
Spellbound,1945,7000000
Buffalo '66,1998,2375097
Insidious,2010,97009150
Repo Man,1984,2300000
The Ballad of Jack and Rose,2005,712294
The To Do List,2013,3566225
Killing Zoe,1993,418961
The Believer,2001,416925
Snow Angels,2008,414404
Session 9,2001,373967
Mooz-lum,2011,330048
Modern Times,1936,8500000
My Name Is Bruce,2007,173066
Pontypool,2009,32000
The Lords of Salem,2012,1165882
Mutant World,2014,1500000
Snow White and the Seven Dwarfs,1937,184925486
Shalako,1968,2620000
"Lock, Stock and Two Smoking Barrels",1998,3897569
Journey from the Fall,2006,639000
The Basket,2000,619042
Eddie: The Sleepwalking Cannibal,2012,1632
Rebecca,1940,6000000
Friday the 13th Part 2,1981,21722776
The Lost Weekend,1945,11000000
C.H.U.D.,1984,3412497
Niagara,1953,8500000
How Green Was My Valley,1941,6000000
Saw,2004,103911669
Super Troopers,2001,18492362
The Trouble with Harry,1955,7000000
Home Run,2013,2861020
Reservoir Dogs,1992,14661007
"The Good, the Bad and the Ugly",1966,6000000
"Pink Ribbons, Inc.",2011,25000
The Charge of the Light Brigade,1936,2736000
Airborne,1993,2850263
Waiting...,2005,18637690
From a Whisper to a Scream,1987,1400000
The Raid,2011,4105187
Casablanca,1942,10462500
Rocky,1976,117235147
Tom Jones,1963,37600000
Unfriended,2015,62882090
Taxi Driver,1976,28262574
The Howling,1981,17985893
Dr. No,1962,59600000
Chernobyl Diaries,2012,18112929
Hellraiser,1987,14564027
God's Not Dead 2,2016,23507567
Cry_Wolf,2005,10047674
Godzilla 2000,1999,10037390
Blue Valentine,2010,16566240
Transamerica,2005,13350369
The Devil Inside,2012,101758490
Beyond the Valley of the Dolls,1970,40000000
Love Me Tender,1956,9000000
An Inconvenient Truth,2006,46243000
Sands of Iwo Jima,1949,7800000
The Green Inferno,2014,6833445
The Sessions,2012,9138338
October Baby,2011,5355847
The Skeleton Twins,2014,5284309
Martha Marcy May Marlene,2011,3538446
Obvious Child,2014,3123963
Two Girls and a Guy,1997,2057193
Who Killed the Electric Car?,2006,1678874
The Broken Hearts Club: A Romantic Comedy,2000,1744858
Brigham City,2001,852206
Fiza,2000,623791
Blue Car,2002,464000
I Origins,2014,336472
The Act of Killing,2012,444575
Taxi to the Dark Side,2007,274661
The Perfect Host,2010,14870
Alone With Her,2006,10018
Special,2006,7202
Charly,1968,814666
On the Waterfront,1954,9600000
L!fe Happens,2011,30905
"4 Months, 3 Weeks and 2 Days",2007,1185783
Hard Candy,2005,7022209
The Quiet,2005,381420
Fruitvale Station,2013,17385830
Bambi,1942,267447150
Latter Days,2003,819939
"For a Good Time, Call...",2012,1243961
Celeste & Jesse Forever,2012,3094813
Ruby in Paradise,1993,1001437
Raising Victor Vargas,2002,2816116
The Mudge Boy,2003,62852
Dead Snow,2009,1984662
American Graffiti,1973,140000000
Safety Not Guaranteed,2012,4007792
Kill List,2011,171760
The Innkeepers,2011,78396
High Noon,1952,8000000
Hoop Dreams,1994,7830611
L.I.E.,2001,1667192
Half Nelson,2006,4911725
Naturally Native,1999,10508
Top Hat,1935,3202000
The Blair Witch Project,1999,248000000
Woodstock,1970,34505110
A Hard Day's Night,1964,12299668
Fireproof,2008,33456317
Open Water,2004,54667954
Kingdom of the Spiders,1977,17000000
The Station Agent,2003,8679814
Beyond the Mat,1999,500000
Sholem Aleichem: Laughing In The Darkness,2012,845188
Mean Creek,2004,603943
Drinking Buddies,2013,343341
Seven Samurai,1954,271841
Rubber,2010,98017
Monsters,2010,4242978
Good Kill,2015,316472
Bloody Sunday,2002,773228
Conversations with Other Women,2006,973525
42nd Street,1933,2281000
Napoleon Dynamite,2004,46118097
Blue Ruin,2014,258384
Paranormal Activity,2007,193355800
Monty Python and the Holy Grail,1975,5028948
Tarnation,2003,1162014
What Happens in Vegas,2008,170000000
My Beautiful Laundrette,1985,2451545
Intolerance,1916,8394751
The Broadway Melody,1929,4358000
The Evil Dead,1981,29400000
Maniac,2012,31081
Murderball,2005,1750211
12 Angry Men,1957,1000000
My Dog Tulip,2009,246574
It Happened One Night,1934,4500000
Dogtooth,2009,110197
Tupac: Resurrection,2003,7808524
Tumbleweeds,1999,1281176
The Prophecy,1995,16
Ayurveda: Art of Being,2001,2074000
"First Love, Last Rites",1998,40542
Death Race 2000,1975,8000000
Compliance,2012,319285
Chasing Amy,1997,12021272
Lovely & Amazing,2001,4186931
Cube,1997,501818
I Married a Strange Person!,1998,203
Like Crazy,2011,3542353
The Canyons,2013,56825
The Big Parade,1925,22000000
Bronson,2008,2260712
Burn,2012,111300
The Stewardesses,1969,27000000
"The Beast from 20,000 Fathoms",1953,5000000
Mad Max,1979,100000000
Swingers,1996,4505922
A Fistful of Dollars,1964,14500000
She Done Him Wrong,1933,2200000
The Grace Card,2011,2295733
Three,2010,2611555
Children of Heaven,1997,900000
Weekend,2011,469947
Another Earth,2011,1776935
Sweet Sweetback's Baadasssss Song,1971,15200000
Tadpole,2002,2891288
Once,2007,20710513
Roger & Me,1989,6706368
Your Sister's Sister,2011,3200000
The Birth of a Nation,2016,15861566
Facing the Giants,2006,10178331
The Gallows,2015,42664410
Eraserhead,1977,7000000
Pi,1998,3221152
Super Size Me,2004,28575078
Tiny Furniture,2010,416498
The Signal,2014,600896
The Last Waltz,1978,321952
Down Terrace,2009,10000
Clerks,1994,3151130
Funny Ha Ha,2002,76901
Pink Flamingos,1972,6000000
Cure,1997,99000
Primer,2004,424760
El Mariachi,1992,2040920
